"my_edges.from","my_edges.to","my_edges.EXISTING_F","my_edges.FULLNAME","my_edges.FROMNAME","my_edges.TONAME"
1,2,"Shared Roadway","E 45TH AVE","N WASHINGTON ST","N BROADWAY/W 44TH AVE"
4,5,"Bike Lane","W 17TH AVE","W LAKESHORE DR/N NEWTON ST","N ZENOBIA ST"
5,6,"Bike Lane","W 17TH AVE","W LAKESHORE DR/N NEWTON ST","N ZENOBIA ST"
6,7,"Bike Lane","W 17TH AVE","W LAKESHORE DR/N NEWTON ST","N ZENOBIA ST"
8,9,"Bike Lane","S YOSEMITE ST","S YOSEMITE ST","PRIVATE RD"
9,10,"Bike Lane","S YOSEMITE ST","S YOSEMITE ST","PRIVATE RD"
3,11,"Shared Roadway","W 11TH AVE","N MARIPOSA ST","N OSAGE ST"
16,17,"Buffered Bike Lane","14TH ST","W COLFAX AVE/N BANNOCK ST","COURT PL"
18,19,"Shared Roadway","E PRINCETON AVE","S QUEBEC ST","E EASTMOOR DR"
19,20,"Shared Roadway","E PRINCETON AVE","S QUEBEC ST","E EASTMOOR DR"
24,25,"Buffered Bike Lane","E 47TH AVE","N GAYLORD ST","N BRIGHTON BLVD"
26,27,"Shared Roadway","CURTIS ST","STR","5TH ST"
28,29,"Bike Lane","GLENARM PL","W COLFAX AVE/N FOX ST/12TH ST","18TH ST"
29,30,"Bike Lane","GLENARM PL","W COLFAX AVE/N FOX ST/12TH ST","18TH ST"
30,31,"Bike Lane","GLENARM PL","W COLFAX AVE/N FOX ST/12TH ST","18TH ST"
32,33,"Bike Lane","E BUCHTEL BLVD","E BUCHTEL BLVD/E FLORIDA AVE","S FRANKLIN ST"
33,34,"Bike Lane","E BUCHTEL BLVD","E BUCHTEL BLVD/E FLORIDA AVE","S FRANKLIN ST"
36,37,"Bike Lane","N YOSEMITE ST","E 5TH PL","E 11TH AVE"
37,38,"Bike Lane","N YOSEMITE ST","E 5TH PL","E 11TH AVE"
38,39,"Bike Lane","N YOSEMITE ST","E 5TH PL","E 11TH AVE"
39,40,"Bike Lane","N YOSEMITE ST","E 5TH PL","E 11TH AVE"
40,41,"Bike Lane","N YOSEMITE ST","E 5TH PL","E 11TH AVE"
42,43,"Trail","STAPLETON GREENWAY TRAIL","QUEBEC ST","STAPLETON GREENWAY TRAIL"
44,45,"Trail","NORTH STAPLETON TRAIL","N CENTRAL PARK BLVD","NORTH STAPLETON TRAIL"
45,46,"Trail","NORTH STAPLETON TRAIL","N CENTRAL PARK BLVD","NORTH STAPLETON TRAIL"
49,50,"Shared Use Path","PLACE MIDDLE SCHOOL CONNECTOR","S QUEBEC ST","S ONEIDA ST"
50,51,"Shared Use Path","PLACE MIDDLE SCHOOL CONNECTOR","S QUEBEC ST","S ONEIDA ST"
52,53,"Shared Roadway","N WILLIAMS ST","CHEESMAN PARK 2/CHEESMAN PARK 5/E 8TH AVE","N WILLIAMS SPLIT/NM CHNG"
53,54,"Shared Roadway","N WILLIAMS ST","CHEESMAN PARK 2/CHEESMAN PARK 5/E 8TH AVE","N WILLIAMS SPLIT/NM CHNG"
55,11,"Shared Roadway","N OSAGE ST","W 10TH AVE/NMCHG","W 11TH AVE"
57,58,"Shared Roadway","E 3RD AVE","N GILPIN ST","N OGDEN ST"
58,59,"Shared Roadway","E 3RD AVE","N GILPIN ST","N OGDEN ST"
61,62,"Shared Roadway","34TH ST","N DOWNING ST","LARIMER ST"
62,63,"Shared Roadway","34TH ST","N DOWNING ST","LARIMER ST"
64,65,"Shared Roadway","S ZUNI ST","W CEDAR AVE","W OHIO AVE"
67,68,"Shared Roadway","W WALSH PL","W WALSH PL/S RALEIGH ST","MORRISON RD/S STUART ST"
71,72,"Shared Roadway","N DELAWARE ST","W 11TH AVE","W 12TH AVE"
73,74,"Shared Roadway","S KEARNEY ST","N SOUTHMOOR DR/S KEARNEY LN","E VIRGINIA AVE"
74,75,"Shared Roadway","S KEARNEY ST","N SOUTHMOOR DR/S KEARNEY LN","E VIRGINIA AVE"
78,79,"Shared Roadway","N BELO HORIZONTE PKWY","MEDIAN","N CLERMONT STREET PKWY/E 3RD AVE"
81,82,"Shared Roadway","N CLARKSON ST","E 20TH AVE","E 22ND AVE"
83,66,"Shared Roadway","W CEDAR AVE","S TEJON ST","S BRYANT ST"
66,84,"Shared Roadway","W CEDAR AVE","S TEJON ST","S BRYANT ST"
85,86,"Shared Roadway","PARK AVE W","N GLOBEVILLE RD","N FOX ST/INTERSTATE 25/STR"
86,87,"Shared Roadway","PARK AVE W","N GLOBEVILLE RD","N FOX ST/INTERSTATE 25/STR"
87,88,"Shared Roadway","PARK AVE W","N GLOBEVILLE RD","N FOX ST/INTERSTATE 25/STR"
90,91,"Shared Roadway","N STEELE ST","E 37TH AVE","E 26TH AVENUE PKWY"
91,92,"Shared Roadway","N STEELE ST","E 37TH AVE","E 26TH AVENUE PKWY"
92,93,"Shared Roadway","N STEELE ST","E 37TH AVE","E 26TH AVENUE PKWY"
59,94,"Shared Roadway","N GILPIN ST","E 3RD AVE","E 4TH AVE"
95,24,"Shared Roadway","E 47TH AVE","N BRIGHTON BLVD","N HUMBOLDT ST"
96,97,"Shared Roadway","N STEELE ST","DENVER ZOO RD/E 17TH AVE","E COLFAX AVE"
98,99,"Shared Roadway","S HURON ST","W LOUISIANA AVE","S PLATTE RIVER DR"
100,101,"Shared Roadway","N EUDORA WAY","N ELM ST","E 39TH AVE"
103,104,"Shared Roadway","N PENNSYLVANIA ST","E 3RD AVE","E BAYAUD AVE"
104,105,"Shared Roadway","N PENNSYLVANIA ST","E 3RD AVE","E BAYAUD AVE"
106,107,"Shared Roadway","N DAHLIA ST","E 35TH AVE","E MONTVIEW BLVD"
107,108,"Shared Roadway","N DAHLIA ST","E 35TH AVE","E MONTVIEW BLVD"
108,109,"Shared Roadway","N DAHLIA ST","E 35TH AVE","E MONTVIEW BLVD"
109,110,"Shared Roadway","N DAHLIA ST","E 35TH AVE","E MONTVIEW BLVD"
110,111,"Shared Roadway","N DAHLIA ST","E 35TH AVE","E MONTVIEW BLVD"
113,62,"Shared Roadway","LAWRENCE ST","35TH ST","24TH ST"
62,114,"Shared Roadway","LAWRENCE ST","35TH ST","24TH ST"
115,116,"Shared Roadway","N FRANKLIN ST","E 40TH AVE/WALNUT ST","E BRUCE RANDOLPH AVE"
116,117,"Shared Roadway","N FRANKLIN ST","E 40TH AVE/WALNUT ST","E BRUCE RANDOLPH AVE"
118,102,"Shared Roadway","S VALLEJO ST","W KENTUCKY AVE","W TENNESSEE AVE"
119,120,"Shared Roadway","S LOWELL BLVD","S MABRY WAY","W FLOYD AVE"
121,122,"Shared Roadway","N KRAMERIA ST","E 28TH AVE","E 29TH AVE"
122,123,"Shared Roadway","N KRAMERIA ST","E 28TH AVE","E 29TH AVE"
94,52,"Shared Roadway","N WILLIAMS ST","E 4TH AVE","MEDIAN END"
125,126,"Buffered Bike Lane","S TAMARAC DR","PRIVATE RD","E GIRARD AVE"
127,128,"Buffered Bike Lane","S TAMARAC DR","PRIVATE RD","E GIRARD AVE"
128,129,"Buffered Bike Lane","S TAMARAC DR","PRIVATE RD","E GIRARD AVE"
129,130,"Buffered Bike Lane","S TAMARAC DR","PRIVATE RD","E GIRARD AVE"
130,131,"Buffered Bike Lane","S TAMARAC DR","PRIVATE RD","E GIRARD AVE"
131,125,"Buffered Bike Lane","S TAMARAC DR","PRIVATE RD","E GIRARD AVE"
132,133,"Buffered Bike Lane","E YALE AVE","S JACKSON ST","S JOSEPHINE ST/PRIVATE RD"
133,134,"Buffered Bike Lane","E YALE AVE","S JACKSON ST","S JOSEPHINE ST/PRIVATE RD"
135,136,"Bike Lane","N WASHINGTON ST","E SPEER BLVD","E ARIZONA AVE"
136,137,"Bike Lane","N WASHINGTON ST","E SPEER BLVD","E ARIZONA AVE"
137,138,"Bike Lane","N WASHINGTON ST","E SPEER BLVD","E ARIZONA AVE"
138,139,"Bike Lane","N WASHINGTON ST","E SPEER BLVD","E ARIZONA AVE"
139,140,"Bike Lane","N WASHINGTON ST","E SPEER BLVD","E ARIZONA AVE"
141,142,"Bike Lane","W DARTMOUTH AVE","S GOLDEN WAY","S WEBSTER ST"
143,144,"Shared Roadway","N KEARNEY ST","E 16TH AVE","E 17TH AVENUE PKWY"
146,147,"Shared Roadway","5TH ST","AURARIA PKWY/STR","W COLFAX AVE"
99,148,"Bike Lane","W FLORIDA AVE","STR","S SHERIDAN BLVD"
148,149,"Bike Lane","W FLORIDA AVE","STR","S SHERIDAN BLVD"
149,150,"Bike Lane","W FLORIDA AVE","STR","S SHERIDAN BLVD"
150,151,"Bike Lane","W FLORIDA AVE","STR","S SHERIDAN BLVD"
151,152,"Bike Lane","W FLORIDA AVE","STR","S SHERIDAN BLVD"
152,153,"Bike Lane","W FLORIDA AVE","STR","S SHERIDAN BLVD"
154,155,"Protected Bike Lane","W 14TH AVE","N SPEER BLVD","W 14 AVENUE PKWY"
155,156,"Protected Bike Lane","W 14TH AVE","N SPEER BLVD","W 14 AVENUE PKWY"
156,157,"Protected Bike Lane","W 14TH AVE","N SPEER BLVD","W 14 AVENUE PKWY"
157,158,"Protected Bike Lane","W 14TH AVE","N SPEER BLVD","W 14 AVENUE PKWY"
159,160,"Shared Roadway","N FRANKLIN ST","E 21ST AVE","E 12TH AVE"
160,161,"Shared Roadway","N FRANKLIN ST","E 21ST AVE","E 12TH AVE"
162,163,"Buffered Bike Lane","E BUCHTEL BLVD","S COLORADO BLVD/E COLORADO CENTER DR","S UNIVERSITY BLVD"
164,165,"Buffered Bike Lane","E MARTIN LUTHER KING JR BLVD","N ROSLYN WAY/N ROSLYN ST","N CENTRAL BLVD"
165,166,"Buffered Bike Lane","E MARTIN LUTHER KING JR BLVD","N ROSLYN WAY/N ROSLYN ST","N CENTRAL BLVD"
166,167,"Buffered Bike Lane","E MARTIN LUTHER KING JR BLVD","N ROSLYN WAY/N ROSLYN ST","N CENTRAL BLVD"
167,168,"Buffered Bike Lane","E MARTIN LUTHER KING JR BLVD","N ROSLYN WAY/N ROSLYN ST","N CENTRAL BLVD"
168,169,"Buffered Bike Lane","E MARTIN LUTHER KING JR BLVD","N ROSLYN WAY/N ROSLYN ST","N CENTRAL BLVD"
170,171,"Shared Roadway","N TENNYSON ST","W 52ND AVE","W 26TH AVE"
171,172,"Shared Roadway","N TENNYSON ST","W 52ND AVE","W 26TH AVE"
172,173,"Shared Roadway","N TENNYSON ST","W 52ND AVE","W 26TH AVE"
173,174,"Shared Roadway","N TENNYSON ST","W 52ND AVE","W 26TH AVE"
174,175,"Shared Roadway","N TENNYSON ST","W 52ND AVE","W 26TH AVE"
175,176,"Shared Roadway","N TENNYSON ST","W 52ND AVE","W 26TH AVE"
176,177,"Shared Roadway","N TENNYSON ST","W 52ND AVE","W 26TH AVE"
178,179,"Shared Roadway","W 23RD AVE","N LOWELL BLVD","N STUART ST"
181,182,"Bike Lane","E 35TH AVE","N BOSTON ST","N TRENTON ST"
182,183,"Bike Lane","E 35TH AVE","N BOSTON ST","N TRENTON ST"
183,184,"Bike Lane","E 35TH AVE","N BOSTON ST","N TRENTON ST"
184,185,"Bike Lane","E 35TH AVE","N BOSTON ST","N TRENTON ST"
185,186,"Bike Lane","E 35TH AVE","N BOSTON ST","N TRENTON ST"
186,187,"Bike Lane","E 35TH AVE","N BOSTON ST","N TRENTON ST"
187,188,"Bike Lane","E 35TH AVE","N BOSTON ST","N TRENTON ST"
188,189,"Bike Lane","E 35TH AVE","N BOSTON ST","N TRENTON ST"
189,190,"Bike Lane","E 35TH AVE","N BOSTON ST","N TRENTON ST"
192,193,"Bike Lane","E 23RD AVE","CITY PARK RD","MEDIAN"
193,194,"Bike Lane","E 23RD AVE","CITY PARK RD","MEDIAN"
194,195,"Bike Lane","E 23RD AVE","CITY PARK RD","MEDIAN"
195,196,"Bike Lane","E 23RD AVE","CITY PARK RD","MEDIAN"
130,197,"Bike Lane","E DARTMOUTH AVE","E CORNELL DR/S XENIA ST/S WILDING CT","S TAMARAC DR"
199,200,"Bike Lane","CITY PARK ESPLANADE","E 16TH AVE","E 17TH AVE"
202,203,"Shared Use Path","E ALAMEDA AVE","S GALENA WAY/COLI","E FAIRMOUNT DR"
203,204,"Shared Use Path","E ALAMEDA AVE","S GALENA WAY/COLI","E FAIRMOUNT DR"
205,206,"Shared Use Path","E 1ST AVE/N STEELE ST","E 1ST AVE","E BAYAUD AVE/E CHERRY CREEK NORTH DR"
206,207,"Shared Use Path","E 1ST AVE/N STEELE ST","E 1ST AVE","E BAYAUD AVE/E CHERRY CREEK NORTH DR"
207,208,"Shared Use Path","E 1ST AVE/N STEELE ST","E 1ST AVE","E BAYAUD AVE/E CHERRY CREEK NORTH DR"
208,209,"Shared Use Path","E 1ST AVE/N STEELE ST","E 1ST AVE","E BAYAUD AVE/E CHERRY CREEK NORTH DR"
210,85,"Shared Use Path","PARK AVE W","WALNUT ST/MARKET ST","N GLOBEVILLE RD"
211,212,"Shared Roadway","N PONTIAC ST","E MARTIN LUTHER KING BLVD","E 26TH AVE"
212,213,"Shared Roadway","N PONTIAC ST","E MARTIN LUTHER KING BLVD","E 26TH AVE"
216,217,"Shared Roadway","N SAINT PAUL ST","E COLFAX AVE","E 7TH AVE PWKY"
217,218,"Shared Roadway","N SAINT PAUL ST","E COLFAX AVE","E 7TH AVE PWKY"
218,219,"Shared Roadway","N SAINT PAUL ST","E COLFAX AVE","E 7TH AVE PWKY"
220,18,"Buffered Bike Lane","E EASTMOOR DR","E QUINCY AVE/S QUEBEC ST","S ONEIDA ST"
221,222,"Shared Roadway","N BROADWAY","21ST ST","CHAMPA ST"
223,224,"Shared Roadway","E 22ND AVE","N VINE ST","N GAYLORD ST"
54,225,"Shared Roadway","CHEESMAN PARK 5","CHEESMAN PARK 2/E 8TH AVE/N WILLIAMS ST","CHEESMAN PARK 3"
226,227,"Shared Roadway","N KRAMERIA ST","E MONTVIEW BLVD","E 16TH AVE"
228,229,"Shared Roadway","MARKET ST","19TH ST","W PARK AVE"
205,216,"Shared Roadway","N SAINT PAUL ST","E 7TH AVENUE PKWY","E 1ST AVE"
230,231,"Shared Roadway","15TH ST","WYNKOOP ST","WEWATTA ST/RRX"
234,235,"Shared Roadway","S MONACO STREET PKWY","E CEDAR AVE","E ALAMEDA AVE"
236,237,"Shared Roadway","N ADAMS ST","E COLFAX AVE","E 12TH AVE"
237,238,"Shared Roadway","N ADAMS ST","E COLFAX AVE","E 12TH AVE"
239,240,"Shared Roadway","N CHEROKEE ST","W 13TH AVE","W 10TH AVE"
240,241,"Shared Roadway","N CHEROKEE ST","W 13TH AVE","W 10TH AVE"
241,242,"Shared Roadway","N CHEROKEE ST","W 13TH AVE","W 10TH AVE"
49,243,"Shared Roadway","E FLORIDA AVE","S ULSTER ST","S QUEBEC ST"
243,244,"Shared Roadway","E FLORIDA AVE","S ULSTER ST","S QUEBEC ST"
245,246,"Shared Roadway","W BYERS PL","S LIPAN ST","S TEJON ST"
247,248,"Shared Roadway","S BONNIE BRAE BLVD","S UNIVERSITY BLVD/E EXPOSITION AVE","S STEELE ST/E MISSISSIPPI AVE"
249,250,"Shared Roadway","MILE HIGH STADIUM WEST CIR","W 20TH AVE","MORRISON RD/N DECATUR ST"
250,251,"Shared Roadway","MILE HIGH STADIUM WEST CIR","W 20TH AVE","MORRISON RD/N DECATUR ST"
253,254,"Shared Roadway","N PECOS ST","W 35TH AVE","W 32ND AVE"
221,256,"Shared Roadway","21ST ST","E 20TH AVE","BLAKE ST"
256,257,"Shared Roadway","21ST ST","E 20TH AVE","BLAKE ST"
257,258,"Shared Roadway","21ST ST","E 20TH AVE","BLAKE ST"
258,259,"Shared Roadway","21ST ST","E 20TH AVE","BLAKE ST"
259,229,"Shared Roadway","21ST ST","E 20TH AVE","BLAKE ST"
229,260,"Shared Roadway","21ST ST","E 20TH AVE","BLAKE ST"
54,262,"Shared Roadway","CHEESMAN PARK 2","E 11TH AVE/NMCHG","E 8TH AVE"
263,264,"Shared Roadway","W ALASKA PL","S BANNOCK ST","S CHEROKEE ST/NMCHG"
245,265,"Shared Roadway","S LIPAN ST","W BYERS PL","W ALAMEDA AVE"
266,267,"Shared Roadway","S ONEIDA ST","S POPLAR ST/E MANSFIELD AVE","E PRINCETON AVE"
269,270,"Shared Roadway","WELTON ST","30TH ST","N DOWNING ST/E 29TH AVE"
271,272,"Shared Roadway","E 29TH AVE","N QUEBEC ST","E 29TH PL"
274,275,"Shared Use Path","AURARIA PKWY","14TH ST","7TH ST"
275,276,"Shared Use Path","AURARIA PKWY","14TH ST","7TH ST"
276,261,"Shared Use Path","AURARIA PKWY","14TH ST","7TH ST"
277,278,"Shared Use Path","N CENTRAL PARK BLVD","E 40TH AVE","E 37TH PL"
278,279,"Shared Use Path","N CENTRAL PARK BLVD","E 40TH AVE","E 37TH PL"
280,281,"Buffered Bike Lane","BOULDER ST","N UMATILLA ST/15TH ST/W 29TH AVE","16TH ST"
282,283,"Bike Lane","N BANNOCK ST","W 13TH AVE","W 9TH AVE"
283,284,"Bike Lane","N BANNOCK ST","W 13TH AVE","W 9TH AVE"
285,108,"Bike Lane","E 26TH AVE","N QUEBEC ST","N COLORADO BLVD"
108,122,"Bike Lane","E 26TH AVE","N QUEBEC ST","N COLORADO BLVD"
122,211,"Bike Lane","E 26TH AVE","N QUEBEC ST","N COLORADO BLVD"
211,42,"Bike Lane","E 26TH AVE","N QUEBEC ST","N COLORADO BLVD"
286,287,"Protected Bike Lane","15TH ST","WELTON ST","LARIMER ST"
287,288,"Protected Bike Lane","15TH ST","WELTON ST","LARIMER ST"
288,289,"Protected Bike Lane","15TH ST","WELTON ST","LARIMER ST"
289,290,"Protected Bike Lane","15TH ST","WELTON ST","LARIMER ST"
290,291,"Protected Bike Lane","15TH ST","WELTON ST","LARIMER ST"
291,292,"Protected Bike Lane","15TH ST","WELTON ST","LARIMER ST"
292,293,"Protected Bike Lane","15TH ST","WELTON ST","LARIMER ST"
293,294,"Protected Bike Lane","15TH ST","WELTON ST","LARIMER ST"
294,295,"Protected Bike Lane","15TH ST","WELTON ST","LARIMER ST"
295,296,"Protected Bike Lane","15TH ST","WELTON ST","LARIMER ST"
159,297,"Shared Roadway","E 12TH AVE","N CLAYTON ST","E FRANKLIN ST"
298,72,"Shared Roadway","E 12TH AVE","N SHERMAN ST","N SPEER BLVD"
72,241,"Shared Roadway","E 12TH AVE","N SHERMAN ST","N SPEER BLVD"
241,283,"Shared Roadway","E 12TH AVE","N SHERMAN ST","N SPEER BLVD"
283,299,"Shared Roadway","E 12TH AVE","N SHERMAN ST","N SPEER BLVD"
300,301,"Shared Roadway","N NAVAJO ST","W 44TH AVE","W 33RD AVE"
155,16,"Shared Use Path","N BANNOCK ST","W 14TH AVENUE PKWY/W 14TH AVE","W COLFAX AVE/14TH ST"
284,155,"Shared Roadway","N BANNOCK ST","W 13TH AVE","W 14TH AVENUE PKWY/W 14TH AVE"
303,304,"Shared Roadway","W 23RD AVE","N ELIOT ST","W 23RD AVE MID BLOCK"
304,305,"Shared Roadway","W 23RD AVE","N ELIOT ST","W 23RD AVE MID BLOCK"
126,15,"Bike Lane","S TAMARAC DR","E HAMPDEN AVE","E GIRARD AVE"
250,4,"Shared Roadway","W DICK CONNOR AVE/17TH AVE","MILE HIGH STADIUM WEST CIR","W LAKESHORE DR/N NEWTON ST"
185,308,"Bike Lane","E 35TH AVE","N TRENTON ST","N BOSTON ST"
308,186,"Bike Lane","E 35TH AVE","N TRENTON ST","N BOSTON ST"
309,310,"Bike Lane","E 23RD AVE","DENVER ZOO RD","N YORK ST"
310,311,"Bike Lane","E 23RD AVE","DENVER ZOO RD","N YORK ST"
312,313,"Bike Lane","TREMONT PL","15TH ST","13TH ST"
313,232,"Bike Lane","TREMONT PL","15TH ST","13TH ST"
314,315,"Bike Lane","E 29TH AVE","E 29TH PL/TRAF CIR","N BEELER ST"
315,316,"Bike Lane","E 29TH AVE","E 29TH PL/TRAF CIR","N BEELER ST"
316,43,"Bike Lane","E 29TH AVE","E 29TH PL/TRAF CIR","N BEELER ST"
317,318,"Bike Lane","N CENTRAL PARK BLVD","E 36TH AVE","E MONTVIEW BLVD/N YOSEMITE ST/COLI"
318,315,"Bike Lane","N CENTRAL PARK BLVD","E 36TH AVE","E MONTVIEW BLVD/N YOSEMITE ST/COLI"
315,169,"Bike Lane","N CENTRAL PARK BLVD","E 36TH AVE","E MONTVIEW BLVD/N YOSEMITE ST/COLI"
169,319,"Bike Lane","N CENTRAL PARK BLVD","E 36TH AVE","E MONTVIEW BLVD/N YOSEMITE ST/COLI"
319,183,"Bike Lane","N CENTRAL PARK BLVD","E 36TH AVE","E MONTVIEW BLVD/N YOSEMITE ST/COLI"
183,320,"Bike Lane","N CENTRAL PARK BLVD","E 36TH AVE","E MONTVIEW BLVD/N YOSEMITE ST/COLI"
321,322,"Bike Lane","E MONTVIEW BLVD","N CENTRAL PARK BLVD/N YOSEMITE ST/COLI","N COLORADO BLVD"
322,323,"Bike Lane","E MONTVIEW BLVD","N CENTRAL PARK BLVD/N YOSEMITE ST/COLI","N COLORADO BLVD"
323,106,"Bike Lane","E MONTVIEW BLVD","N CENTRAL PARK BLVD/N YOSEMITE ST/COLI","N COLORADO BLVD"
106,227,"Bike Lane","E MONTVIEW BLVD","N CENTRAL PARK BLVD/N YOSEMITE ST/COLI","N COLORADO BLVD"
227,324,"Bike Lane","E MONTVIEW BLVD","N CENTRAL PARK BLVD/N YOSEMITE ST/COLI","N COLORADO BLVD"
324,317,"Bike Lane","E MONTVIEW BLVD","N CENTRAL PARK BLVD/N YOSEMITE ST/COLI","N COLORADO BLVD"
325,130,"Trail","HAMPDEN HEIGHTS TRAIL","QUEBEC ST","CHERRY CREEK TRAIL"
130,326,"Trail","HAMPDEN HEIGHTS TRAIL","QUEBEC ST","CHERRY CREEK TRAIL"
326,327,"Trail","HAMPDEN HEIGHTS TRAIL","QUEBEC ST","CHERRY CREEK TRAIL"
327,328,"Trail","HAMPDEN HEIGHTS TRAIL","QUEBEC ST","CHERRY CREEK TRAIL"
328,329,"Trail","HAMPDEN HEIGHTS TRAIL","QUEBEC ST","CHERRY CREEK TRAIL"
329,330,"Trail","HAMPDEN HEIGHTS TRAIL","QUEBEC ST","CHERRY CREEK TRAIL"
330,331,"Trail","HAMPDEN HEIGHTS TRAIL","QUEBEC ST","CHERRY CREEK TRAIL"
331,332,"Trail","HAMPDEN HEIGHTS TRAIL","QUEBEC ST","CHERRY CREEK TRAIL"
332,333,"Trail","HAMPDEN HEIGHTS TRAIL","QUEBEC ST","CHERRY CREEK TRAIL"
333,334,"Trail","HAMPDEN HEIGHTS TRAIL","QUEBEC ST","CHERRY CREEK TRAIL"
334,335,"Trail","HAMPDEN HEIGHTS TRAIL","QUEBEC ST","CHERRY CREEK TRAIL"
336,337,"Trail","SAND CREEK TRAIL","CENTRAL PARK BLVD","HAVANA ST"
337,338,"Trail","SAND CREEK TRAIL","CENTRAL PARK BLVD","HAVANA ST"
338,339,"Trail","SAND CREEK TRAIL","CENTRAL PARK BLVD","HAVANA ST"
339,340,"Trail","SAND CREEK TRAIL","CENTRAL PARK BLVD","HAVANA ST"
340,341,"Trail","SAND CREEK TRAIL","CENTRAL PARK BLVD","HAVANA ST"
341,278,"Trail","SAND CREEK TRAIL","CENTRAL PARK BLVD","HAVANA ST"
342,343,"Trail","SOUTH PLATTE RIVER TRAIL CONNECTOR","SOUTH PLATTE RIVER TRAIL","W 7TH AVE"
344,345,"Shared Use Path","PARK AVE W","N GLOBEVILLE RD","BLAKE ST"
345,85,"Shared Use Path","PARK AVE W","N GLOBEVILLE RD","BLAKE ST"
346,347,"Shared Use Path","SOUTH PLATTE RIVER TRAIL","N SPEER BLVD UNDERPASS","MILE HIGH STADIUM CIR"
347,48,"Shared Use Path","SOUTH PLATTE RIVER TRAIL","N SPEER BLVD UNDERPASS","MILE HIGH STADIUM CIR"
201,348,"Shared Use Path","E LOWRY BLVD TRAF CIR","TRAF CIR/N UINTA WAY","N YOSEMITE WAY TRAF CIR"
348,349,"Shared Use Path","E LOWRY BLVD TRAF CIR","TRAF CIR/N UINTA WAY","N YOSEMITE WAY TRAF CIR"
349,348,"Shared Use Path","E LOWRY BLVD TRAF CIR","TRAF CIR/N UINTA WAY","N YOSEMITE WAY TRAF CIR"
348,36,"Shared Use Path","E LOWRY BLVD TRAF CIR","TRAF CIR/N UINTA WAY","N YOSEMITE WAY TRAF CIR"
235,350,"Shared Use Path","E ALAMEDA AVE","S MONACO STREET PKWY","E FAIRMOUNT DR"
350,202,"Shared Use Path","E ALAMEDA AVE","S MONACO STREET PKWY","E FAIRMOUNT DR"
351,352,"Shared Roadway","DENVER ZOO RD","DENVER ZOO RD","DENVER ZOO RD"
352,353,"Shared Roadway","DENVER ZOO RD","DENVER ZOO RD","DENVER ZOO RD"
354,355,"Shared Roadway","E TENNESSEE AVE","S PEARL ST","S LOGAN ST"
355,356,"Shared Roadway","E TENNESSEE AVE","S PEARL ST","S LOGAN ST"
356,357,"Shared Roadway","E TENNESSEE AVE","S PEARL ST","S LOGAN ST"
360,361,"Shared Roadway","E 47TH AVE","N KINGSTON ST","N DALLAS ST/E NORTHFIELD BLVD/NMCHG"
361,359,"Shared Roadway","E 47TH AVE","N KINGSTON ST","N DALLAS ST/E NORTHFIELD BLVD/NMCHG"
363,364,"Shared Roadway","E 7TH AVE","N DAHLIA ST","N COLORADO BLVD"
365,366,"Shared Roadway","N DAHLIA ST","E 52ND AVE/COLI","I-70 UNDERPASS"
367,368,"Shared Roadway","N YOSEMITE WAY","E YOSEMITE WAY","N YOSEMITE WAY/E 5TH AVE"
321,370,"Shared Roadway","DENVER ZOO RD","N COLORADO BLVD/E MONTVIEW BLVD","DENVER ZOO RD"
371,372,"Shared Roadway","E 7TH AVE","N WILLIAMS ST/E 7TH AVENUE PKWY","N LOGAN ST"
372,53,"Shared Roadway","E 7TH AVE","N WILLIAMS ST/E 7TH AVENUE PKWY","N LOGAN ST"
373,8,"Shared Roadway","S YOSEMITE ST","E YALE AVE/E CHERRY CREEK SOUTH DR","S SYRACUSE WAY"
375,376,"Shared Roadway","S LAMAR ST","W YALE AVE/COLI","W DARTMOUTH AVE"
376,141,"Shared Roadway","S LAMAR ST","W YALE AVE/COLI","W DARTMOUTH AVE"
378,379,"Shared Roadway","W 23RD AVE","N CLAY ST","N ELIOT ST"
379,303,"Shared Roadway","W 23RD AVE","N CLAY ST","N ELIOT ST"
380,381,"Buffered Bike Lane","S ULSTER ST","E QUINCY AVE","E BELLEVIEW AVE"
382,383,"Buffered Bike Lane","S ULSTER ST","E QUINCY AVE","E BELLEVIEW AVE"
383,380,"Buffered Bike Lane","S ULSTER ST","E QUINCY AVE","E BELLEVIEW AVE"
382,384,"Buffered Bike Lane","S ULSTER ST","E QUINCY AVE","E BELLEVIEW AVE"
384,380,"Buffered Bike Lane","S ULSTER ST","E QUINCY AVE","E BELLEVIEW AVE"
385,382,"Buffered Bike Lane","S ULSTER ST","E QUINCY AVE","E BELLEVIEW AVE"
272,387,"Shared Roadway","E 29TH AVE","E 29TH PL","E 29TH AVE"
387,314,"Shared Roadway","E 29TH AVE","E 29TH PL","E 29TH AVE"
388,389,"Shared Roadway","S QUEBEC ST","E MISSISSIPPI AVE","PRIVATE RD"
390,391,"Shared Roadway","E VIRGINIA AVE","S MARION STREET PKWY/DENVER PARK RD","S BANNOCK ST"
391,138,"Shared Roadway","E VIRGINIA AVE","S MARION STREET PKWY/DENVER PARK RD","S BANNOCK ST"
138,392,"Shared Roadway","E VIRGINIA AVE","S MARION STREET PKWY/DENVER PARK RD","S BANNOCK ST"
392,393,"Shared Roadway","E VIRGINIA AVE","S MARION STREET PKWY/DENVER PARK RD","S BANNOCK ST"
394,395,"Shared Roadway","N YOSEMITE WAY","E 1ST AVE/COLI","N YOSEMITE WAY"
395,396,"Shared Roadway","N YOSEMITE WAY","E 1ST AVE/COLI","N YOSEMITE WAY"
396,367,"Shared Roadway","N YOSEMITE WAY","E 1ST AVE/COLI","N YOSEMITE WAY"
34,397,"Shared Roadway","S FRANKLIN ST","E BUCHTEL BLVD","E DARTMOUTH AVE"
397,398,"Shared Roadway","S FRANKLIN ST","E BUCHTEL BLVD","E DARTMOUTH AVE"
115,399,"Shared Roadway","E 35TH AVE","N QUEBEC ST","N FRANKLIN ST"
399,93,"Shared Roadway","E 35TH AVE","N QUEBEC ST","N FRANKLIN ST"
93,400,"Shared Roadway","E 35TH AVE","N QUEBEC ST","N FRANKLIN ST"
400,111,"Shared Roadway","E 35TH AVE","N QUEBEC ST","N FRANKLIN ST"
111,401,"Shared Roadway","E 35TH AVE","N QUEBEC ST","N FRANKLIN ST"
402,403,"Shared Roadway","S ADAMS WAY","S ADAMS ST/E DARTMOUTH AVE","S MONROE ST"
242,156,"Shared Roadway","N CHEROKEE ST","COURT PL/W COLFAX AVE","W 13TH AVE"
279,320,"Shared Use Path","N CENTRAL PARK BLVD","E 37TH PL","E 36TH AVE"
405,406,"Buffered Bike Lane","S MONACO STREET PKWY","E EASTMORE DR","S MAGNOLIA WAY"
406,407,"Buffered Bike Lane","S MONACO STREET PKWY","E EASTMORE DR","S MAGNOLIA WAY"
407,406,"Buffered Bike Lane","S MONACO STREET PKWY","E EASTMORE DR","S MAGNOLIA WAY"
375,408,"Bike Lane","W YALE AVE","S SHERIDAN BLVD","S WADSWORTH BLVD"
408,409,"Bike Lane","W YALE AVE","S SHERIDAN BLVD","S WADSWORTH BLVD"
31,410,"Shared Roadway","18TH ST","GLENARM PL","CURTIS ST"
410,411,"Shared Roadway","18TH ST","GLENARM PL","CURTIS ST"
412,413,"Buffered Bike Lane","W DARTMOUTH AVE","S LOWELL BLVD","S WOLFF ST"
415,416,"Bike Lane","W 2ND AVE","N FEDERAL BLVD","N LOWELL BLVD"
416,417,"Bike Lane","W 2ND AVE","N FEDERAL BLVD","N LOWELL BLVD"
418,173,"Shared Roadway","W 46TH AVE","N GROVE ST","N TENNYSON ST"
420,421,"Bike Lane","W 50TH AVE","N ZUNI ST","N FEDERAL BLVD"
422,423,"Bike Lane","MORRISON RD","S STUART ST","S SHERIDAN BLVD"
424,425,"Shared Roadway","19TH ST","CURTIS ST","19TH STREET/CONNECTING RD"
425,426,"Shared Roadway","19TH ST","CURTIS ST","19TH STREET/CONNECTING RD"
427,428,"Shared Roadway","S HIGH ST","E BUCHTEL BLVD","E ILIFF AVE"
276,429,"Shared Use Path",NA,"AURARIA PKWY","LARIMER ST"
430,431,"Shared Roadway","W 23RD AVE","N ALCOTT ST/RAMP","N CLAY ST"
431,432,"Shared Roadway","W 23RD AVE","N ALCOTT ST/RAMP","N CLAY ST"
432,378,"Shared Roadway","W 23RD AVE","N ALCOTT ST/RAMP","N CLAY ST"
35,393,"Bike Lane","S MARION STREET PKWY","S DOWNING STREET PKWY/E BAYAUD AVE","E VIRGINIA AVE"
433,434,"Bike Lane","18TH ST","CURTIS ST","WYNKOOP ST"
434,435,"Bike Lane","18TH ST","CURTIS ST","WYNKOOP ST"
435,436,"Bike Lane","18TH ST","CURTIS ST","WYNKOOP ST"
437,197,"Bike Lane","S XENIA ST","S WABASH CIR/S SYRACUSE WAY","E CORNELL DR/S XENIA ST/S WILDING CT"
438,439,"Trail","HIGH LINE CANAL TRAIL","S HAVANA ST","S PARKER RD"
439,440,"Trail","HIGH LINE CANAL TRAIL","S HAVANA ST","S PARKER RD"
440,441,"Trail","HIGH LINE CANAL TRAIL","S HAVANA ST","S PARKER RD"
441,442,"Trail","HIGH LINE CANAL TRAIL","S HAVANA ST","S PARKER RD"
442,443,"Trail","HIGH LINE CANAL TRAIL","S HAVANA ST","S PARKER RD"
443,444,"Trail","HIGH LINE CANAL TRAIL","S HAVANA ST","S PARKER RD"
444,445,"Trail","HIGH LINE CANAL TRAIL","S HAVANA ST","S PARKER RD"
445,446,"Trail","HIGH LINE CANAL TRAIL","S HAVANA ST","S PARKER RD"
446,447,"Trail","HIGH LINE CANAL TRAIL","S HAVANA ST","S PARKER RD"
447,448,"Trail","HIGH LINE CANAL TRAIL","S HAVANA ST","S PARKER RD"
448,449,"Trail","HIGH LINE CANAL TRAIL","S HAVANA ST","S PARKER RD"
449,450,"Trail","HIGH LINE CANAL TRAIL","S HAVANA ST","S PARKER RD"
450,451,"Trail","HIGH LINE CANAL TRAIL","S HAVANA ST","S PARKER RD"
451,452,"Trail","HIGH LINE CANAL TRAIL","S HAVANA ST","S PARKER RD"
453,454,"Trail","Cherry Creek Trail","CHERRY CREEK RESERVOIR DAM","SOUTH PLATTE RIVER TRAIL"
454,335,"Trail","Cherry Creek Trail","CHERRY CREEK RESERVOIR DAM","SOUTH PLATTE RIVER TRAIL"
335,455,"Trail","Cherry Creek Trail","CHERRY CREEK RESERVOIR DAM","SOUTH PLATTE RIVER TRAIL"
455,456,"Trail","Cherry Creek Trail","CHERRY CREEK RESERVOIR DAM","SOUTH PLATTE RIVER TRAIL"
456,457,"Trail","Cherry Creek Trail","CHERRY CREEK RESERVOIR DAM","SOUTH PLATTE RIVER TRAIL"
457,458,"Trail","Cherry Creek Trail","CHERRY CREEK RESERVOIR DAM","SOUTH PLATTE RIVER TRAIL"
458,459,"Trail","Cherry Creek Trail","CHERRY CREEK RESERVOIR DAM","SOUTH PLATTE RIVER TRAIL"
459,460,"Trail","Cherry Creek Trail","CHERRY CREEK RESERVOIR DAM","SOUTH PLATTE RIVER TRAIL"
460,461,"Trail","Cherry Creek Trail","CHERRY CREEK RESERVOIR DAM","SOUTH PLATTE RIVER TRAIL"
461,462,"Trail","Cherry Creek Trail","CHERRY CREEK RESERVOIR DAM","SOUTH PLATTE RIVER TRAIL"
462,463,"Trail","Cherry Creek Trail","CHERRY CREEK RESERVOIR DAM","SOUTH PLATTE RIVER TRAIL"
463,464,"Trail","Cherry Creek Trail","CHERRY CREEK RESERVOIR DAM","SOUTH PLATTE RIVER TRAIL"
464,465,"Trail","Cherry Creek Trail","CHERRY CREEK RESERVOIR DAM","SOUTH PLATTE RIVER TRAIL"
465,466,"Trail","Cherry Creek Trail","CHERRY CREEK RESERVOIR DAM","SOUTH PLATTE RIVER TRAIL"
466,467,"Trail","Cherry Creek Trail","CHERRY CREEK RESERVOIR DAM","SOUTH PLATTE RIVER TRAIL"
467,468,"Trail","Cherry Creek Trail","CHERRY CREEK RESERVOIR DAM","SOUTH PLATTE RIVER TRAIL"
468,469,"Trail","Cherry Creek Trail","CHERRY CREEK RESERVOIR DAM","SOUTH PLATTE RIVER TRAIL"
469,470,"Trail","Cherry Creek Trail","CHERRY CREEK RESERVOIR DAM","SOUTH PLATTE RIVER TRAIL"
470,471,"Trail","Cherry Creek Trail","CHERRY CREEK RESERVOIR DAM","SOUTH PLATTE RIVER TRAIL"
471,472,"Trail","Cherry Creek Trail","CHERRY CREEK RESERVOIR DAM","SOUTH PLATTE RIVER TRAIL"
472,473,"Trail","Cherry Creek Trail","CHERRY CREEK RESERVOIR DAM","SOUTH PLATTE RIVER TRAIL"
473,474,"Trail","Cherry Creek Trail","CHERRY CREEK RESERVOIR DAM","SOUTH PLATTE RIVER TRAIL"
474,475,"Trail","Cherry Creek Trail","CHERRY CREEK RESERVOIR DAM","SOUTH PLATTE RIVER TRAIL"
475,209,"Trail","Cherry Creek Trail","CHERRY CREEK RESERVOIR DAM","SOUTH PLATTE RIVER TRAIL"
209,476,"Trail","Cherry Creek Trail","CHERRY CREEK RESERVOIR DAM","SOUTH PLATTE RIVER TRAIL"
476,477,"Trail","Cherry Creek Trail","CHERRY CREEK RESERVOIR DAM","SOUTH PLATTE RIVER TRAIL"
477,478,"Trail","Cherry Creek Trail","CHERRY CREEK RESERVOIR DAM","SOUTH PLATTE RIVER TRAIL"
478,479,"Trail","Cherry Creek Trail","CHERRY CREEK RESERVOIR DAM","SOUTH PLATTE RIVER TRAIL"
479,480,"Trail","Cherry Creek Trail","CHERRY CREEK RESERVOIR DAM","SOUTH PLATTE RIVER TRAIL"
480,481,"Trail","Cherry Creek Trail","CHERRY CREEK RESERVOIR DAM","SOUTH PLATTE RIVER TRAIL"
481,482,"Trail","Cherry Creek Trail","CHERRY CREEK RESERVOIR DAM","SOUTH PLATTE RIVER TRAIL"
482,483,"Trail","Cherry Creek Trail","CHERRY CREEK RESERVOIR DAM","SOUTH PLATTE RIVER TRAIL"
483,14,"Trail","Cherry Creek Trail","CHERRY CREEK RESERVOIR DAM","SOUTH PLATTE RIVER TRAIL"
14,484,"Trail","Cherry Creek Trail","CHERRY CREEK RESERVOIR DAM","SOUTH PLATTE RIVER TRAIL"
484,485,"Trail","Cherry Creek Trail","CHERRY CREEK RESERVOIR DAM","SOUTH PLATTE RIVER TRAIL"
485,486,"Trail","Cherry Creek Trail","CHERRY CREEK RESERVOIR DAM","SOUTH PLATTE RIVER TRAIL"
486,487,"Trail","Cherry Creek Trail","CHERRY CREEK RESERVOIR DAM","SOUTH PLATTE RIVER TRAIL"
487,488,"Trail","Cherry Creek Trail","CHERRY CREEK RESERVOIR DAM","SOUTH PLATTE RIVER TRAIL"
488,489,"Trail","Cherry Creek Trail","CHERRY CREEK RESERVOIR DAM","SOUTH PLATTE RIVER TRAIL"
489,490,"Trail","Cherry Creek Trail","CHERRY CREEK RESERVOIR DAM","SOUTH PLATTE RIVER TRAIL"
490,298,"Trail","Cherry Creek Trail","CHERRY CREEK RESERVOIR DAM","SOUTH PLATTE RIVER TRAIL"
298,491,"Trail","Cherry Creek Trail","CHERRY CREEK RESERVOIR DAM","SOUTH PLATTE RIVER TRAIL"
491,404,"Trail","Cherry Creek Trail","CHERRY CREEK RESERVOIR DAM","SOUTH PLATTE RIVER TRAIL"
404,492,"Trail","Cherry Creek Trail","CHERRY CREEK RESERVOIR DAM","SOUTH PLATTE RIVER TRAIL"
492,493,"Trail","Cherry Creek Trail","CHERRY CREEK RESERVOIR DAM","SOUTH PLATTE RIVER TRAIL"
493,494,"Trail","Cherry Creek Trail","CHERRY CREEK RESERVOIR DAM","SOUTH PLATTE RIVER TRAIL"
494,495,"Trail","Cherry Creek Trail","CHERRY CREEK RESERVOIR DAM","SOUTH PLATTE RIVER TRAIL"
495,496,"Trail","Cherry Creek Trail","CHERRY CREEK RESERVOIR DAM","SOUTH PLATTE RIVER TRAIL"
496,497,"Trail","Cherry Creek Trail","CHERRY CREEK RESERVOIR DAM","SOUTH PLATTE RIVER TRAIL"
497,48,"Trail","Cherry Creek Trail","CHERRY CREEK RESERVOIR DAM","SOUTH PLATTE RIVER TRAIL"
48,498,"Trail","Cherry Creek Trail","CHERRY CREEK RESERVOIR DAM","SOUTH PLATTE RIVER TRAIL"
499,500,"Trail","HIGH LINE CANAL TRAIL","HAMPDEN AVE","GOLDSMITH GULCH TRAIL"
500,501,"Trail","HIGH LINE CANAL TRAIL","HAMPDEN AVE","GOLDSMITH GULCH TRAIL"
501,502,"Trail","HIGH LINE CANAL TRAIL","HAMPDEN AVE","GOLDSMITH GULCH TRAIL"
502,503,"Trail","HIGH LINE CANAL TRAIL","HAMPDEN AVE","GOLDSMITH GULCH TRAIL"
503,504,"Trail","HIGH LINE CANAL TRAIL","HAMPDEN AVE","GOLDSMITH GULCH TRAIL"
504,505,"Trail","HIGH LINE CANAL TRAIL","HAMPDEN AVE","GOLDSMITH GULCH TRAIL"
505,506,"Trail","HIGH LINE CANAL TRAIL","HAMPDEN AVE","GOLDSMITH GULCH TRAIL"
506,507,"Trail","HIGH LINE CANAL TRAIL","HAMPDEN AVE","GOLDSMITH GULCH TRAIL"
507,508,"Trail","HIGH LINE CANAL TRAIL","HAMPDEN AVE","GOLDSMITH GULCH TRAIL"
508,509,"Trail","HIGH LINE CANAL TRAIL","HAMPDEN AVE","GOLDSMITH GULCH TRAIL"
509,510,"Trail","HIGH LINE CANAL TRAIL","HAMPDEN AVE","GOLDSMITH GULCH TRAIL"
510,377,"Trail","HIGH LINE CANAL TRAIL","HAMPDEN AVE","GOLDSMITH GULCH TRAIL"
377,511,"Trail","HIGH LINE CANAL TRAIL","HAMPDEN AVE","GOLDSMITH GULCH TRAIL"
511,512,"Trail","HIGH LINE CANAL TRAIL","HAMPDEN AVE","GOLDSMITH GULCH TRAIL"
512,513,"Trail","HIGH LINE CANAL TRAIL","HAMPDEN AVE","GOLDSMITH GULCH TRAIL"
513,514,"Trail","HIGH LINE CANAL TRAIL","HAMPDEN AVE","GOLDSMITH GULCH TRAIL"
514,515,"Trail","HIGH LINE CANAL TRAIL","HAMPDEN AVE","GOLDSMITH GULCH TRAIL"
515,516,"Trail","HIGH LINE CANAL TRAIL","HAMPDEN AVE","GOLDSMITH GULCH TRAIL"
516,517,"Trail","HIGH LINE CANAL TRAIL","HAMPDEN AVE","GOLDSMITH GULCH TRAIL"
517,518,"Trail","HIGH LINE CANAL TRAIL","HAMPDEN AVE","GOLDSMITH GULCH TRAIL"
518,519,"Trail","HIGH LINE CANAL TRAIL","HAMPDEN AVE","GOLDSMITH GULCH TRAIL"
519,325,"Trail","HIGH LINE CANAL TRAIL","HAMPDEN AVE","GOLDSMITH GULCH TRAIL"
520,521,"Shared Use Path","RAMP","BLAKE ST/20TH ST","RRUNPASS"
521,522,"Shared Use Path","RAMP","BLAKE ST/20TH ST","RRUNPASS"
209,207,"Shared Use Path","S STEELE ST","E BAYAUD AVE/E CHERRY CREEK NORTH DR","N STEELE ST"
523,524,"Shared Roadway","S GARFIELD ST","N GARFIELD ST/E ELLSWORTH AVE","E DAKOTA AVE"
524,525,"Shared Roadway","S GARFIELD ST","N GARFIELD ST/E ELLSWORTH AVE","E DAKOTA AVE"
113,526,"Shared Roadway","26TH ST","LAWRENCE ST","BLAKE ST"
527,528,"Shared Roadway","S JASON ST","S PLATTE RIVER DR/NMCHG","W LOUISIANA AVE"
528,529,"Shared Roadway","S JASON ST","S PLATTE RIVER DR/NMCHG","W LOUISIANA AVE"
529,530,"Shared Roadway","S JASON ST","S PLATTE RIVER DR/NMCHG","W LOUISIANA AVE"
530,531,"Shared Roadway","S JASON ST","S PLATTE RIVER DR/NMCHG","W LOUISIANA AVE"
531,532,"Shared Roadway","S JASON ST","S PLATTE RIVER DR/NMCHG","W LOUISIANA AVE"
534,535,"Shared Roadway","S LOGAN ST","E MISSISSIPPI AVE","E HARVARD AVE"
535,536,"Shared Roadway","S LOGAN ST","E MISSISSIPPI AVE","E HARVARD AVE"
536,537,"Shared Roadway","S LOGAN ST","E MISSISSIPPI AVE","E HARVARD AVE"
537,538,"Shared Roadway","S LOGAN ST","E MISSISSIPPI AVE","E HARVARD AVE"
538,539,"Shared Roadway","S LOGAN ST","E MISSISSIPPI AVE","E HARVARD AVE"
540,541,"Shared Roadway","N SHERMAN ST EAST LOOP","N SHERMAN ST WEST LOOP","N SHERMAN ST WEST LOOP"
255,542,"Shared Roadway","E 12TH AVE","N HOLLY ST","N COLORADO BLVD"
542,543,"Shared Roadway","E 12TH AVE","N HOLLY ST","N COLORADO BLVD"
545,546,"Shared Roadway","S YOSEMITE ST","INTERSTATE 225/STR","E BELLEVIEW AVE"
547,255,"Shared Roadway","E 12TH AVE","N COLORADO BLVD","N GARFIELD ST"
549,550,"Shared Roadway","N CLAY ST","W 46TH AVE","W DUNKELD PL/NMCHG"
550,551,"Shared Roadway","N CLAY ST","W 46TH AVE","W DUNKELD PL/NMCHG"
552,553,"Shared Roadway","S NEWPORT ST","E CORNELL AVE","E GIRARD AVE"
553,554,"Shared Roadway","S NEWPORT ST","E CORNELL AVE","E GIRARD AVE"
512,215,"Shared Roadway","E ILIFF AVE","S ONEIDA ST","S HOLLY ST"
556,557,"Shared Roadway","DENVER ZOO RD","DENVER ZOO RD","CITY PARK ESPLANADE"
69,68,"Shared Roadway","S STUART ST","W ALAMEDA AVE","MORRISON RD"
435,520,"Shared Roadway","BLAKE ST","22ND ST","16TH ST"
520,260,"Shared Roadway","BLAKE ST","22ND ST","16TH ST"
260,344,"Shared Roadway","BLAKE ST","22ND ST","16TH ST"
560,389,"Shared Roadway","E MISSISSIPPI AVE","S QUEBEC ST","S ONEIDA ST"
561,150,"Shared Roadway","N IRVING ST","W 1ST AVE","W JEWELL AVE/S IRVING ST"
150,562,"Shared Roadway","N IRVING ST","W 1ST AVE","W JEWELL AVE/S IRVING ST"
562,563,"Shared Roadway","N IRVING ST","W 1ST AVE","W JEWELL AVE/S IRVING ST"
564,51,"Shared Roadway","E FLORIDA AVE","E CHERRY CREEK NORTH DR","S ONEIDA ST/NMCHG"
566,567,"Shared Roadway","E BAYAUD AVE","S KEARNEY ST","S BIRCH ST"
567,568,"Shared Roadway","E BAYAUD AVE","S KEARNEY ST","S BIRCH ST"
568,74,"Shared Roadway","E BAYAUD AVE","S KEARNEY ST","S BIRCH ST"
60,58,"Shared Roadway","N DOWNING ST","N DOWNING STREET PKWY","E 3RD AVE"
89,557,"Shared Roadway","DENVER ZOO RD","DENVER ZOO RD","DENVER ZOO RD"
570,301,"Shared Roadway","W 36TH AVE","N KALAMATH ST","N NAVAJO ST"
397,428,"Shared Roadway","E ILIFF AVE","S UNIVERSITY BLVD","S HUMBOLDT ST"
279,571,"Shared Use Path","N CENTRAL PARK BLVD","E 37TH PL","E 36TH AVE"
571,320,"Shared Use Path","N CENTRAL PARK BLVD","E 37TH PL","E 36TH AVE"
213,164,"Shared Use Path","E MARTIN LUTHER KING JR BLVD","N ROSLYN WAY/N ROSLYN ST","N QUEBEC ST/E MARTIN LUTHER KING BLVD"
416,572,"Bike Lane","N KNOX CT","W 8TH AVE","W ALAMEDA AVE"
572,573,"Bike Lane","N KNOX CT","W 8TH AVE","W ALAMEDA AVE"
574,307,"Bike Lane","W 44TH AVE","NB I25 TO I70 RAMP","N FOX ST"
436,576,"Bike Lane","WYNKOOP ST","18TH ST","19TH ST"
577,578,"Shared Roadway","N SHERMAN ST","E 20TH AVE","E COLFAX AVE"
578,579,"Shared Roadway","N SHERMAN ST","E 20TH AVE","E COLFAX AVE"
143,226,"Shared Roadway","E 16TH AVE","N KEARNEY ST","N KRAMERIA ST"
580,286,"Bike Lane","WELTON ST","W COLFAX AVE","19TH ST"
317,581,"Bike Lane","E MONTVIEW BLVD","COLI/PRIVATE RD","N CENTRAL PARK BLVD/N YOSEMITE ST/COLI"
325,582,"Trail","GOLDSMITH GULCH TRAIL","ILIFF AVE","HIGH LINE CANAL TRAIL"
582,583,"Trail","GOLDSMITH GULCH TRAIL","ILIFF AVE","HIGH LINE CANAL TRAIL"
583,584,"Trail","GOLDSMITH GULCH TRAIL","ILIFF AVE","HIGH LINE CANAL TRAIL"
585,586,"Trail","GARLAND GREENBELT TRAIL","VIRGINIA AVE","CHERRY CREEK TRAIL"
586,587,"Trail","GARLAND GREENBELT TRAIL","VIRGINIA AVE","CHERRY CREEK TRAIL"
587,588,"Trail","GARLAND GREENBELT TRAIL","VIRGINIA AVE","CHERRY CREEK TRAIL"
588,589,"Trail","GARLAND GREENBELT TRAIL","VIRGINIA AVE","CHERRY CREEK TRAIL"
589,590,"Trail","GARLAND GREENBELT TRAIL","VIRGINIA AVE","CHERRY CREEK TRAIL"
590,463,"Trail","GARLAND GREENBELT TRAIL","VIRGINIA AVE","CHERRY CREEK TRAIL"
591,592,"Trail","SANDERSON GULCH TRAIL","SOUTH PLATTE RIVER TRAIL","S WOLFF ST"
592,593,"Trail","SANDERSON GULCH TRAIL","SOUTH PLATTE RIVER TRAIL","S WOLFF ST"
593,594,"Trail","SANDERSON GULCH TRAIL","SOUTH PLATTE RIVER TRAIL","S WOLFF ST"
594,595,"Trail","SANDERSON GULCH TRAIL","SOUTH PLATTE RIVER TRAIL","S WOLFF ST"
595,596,"Trail","SANDERSON GULCH TRAIL","SOUTH PLATTE RIVER TRAIL","S WOLFF ST"
596,149,"Trail","SANDERSON GULCH TRAIL","SOUTH PLATTE RIVER TRAIL","S WOLFF ST"
149,597,"Trail","SANDERSON GULCH TRAIL","SOUTH PLATTE RIVER TRAIL","S WOLFF ST"
597,598,"Trail","SANDERSON GULCH TRAIL","SOUTH PLATTE RIVER TRAIL","S WOLFF ST"
598,599,"Trail","SANDERSON GULCH TRAIL","SOUTH PLATTE RIVER TRAIL","S WOLFF ST"
599,600,"Trail","SANDERSON GULCH TRAIL","SOUTH PLATTE RIVER TRAIL","S WOLFF ST"
600,148,"Trail","SANDERSON GULCH TRAIL","SOUTH PLATTE RIVER TRAIL","S WOLFF ST"
148,99,"Trail","SANDERSON GULCH TRAIL","SOUTH PLATTE RIVER TRAIL","S WOLFF ST"
601,602,"Trail","WEST HARVARD GULCH TRAIL","SOUTH PLATTE RIVER TRAIL","S FEDERAL BLVD"
603,604,"Shared Roadway","N DECATUR ST","W 10TH AVE","W 11TH AVE"
535,605,"Shared Roadway","E LOUISIANA AVE","S FRANKLIN ST","S LOGAN ST"
605,606,"Shared Roadway","E LOUISIANA AVE","S FRANKLIN ST","S LOGAN ST"
602,607,"Shared Roadway","W VASSAR AVE","S FEDERAL BLVD","S IRVING ST"
560,51,"Shared Roadway","S ONEIDA ST","E MISSISSIPPI AVE","E FLORIDA AVE"
608,604,"Shared Roadway","W 11TH AVE","BGN","N DECATUR ST"
561,609,"Shared Roadway","S IRVING ST","W EVANS AVE/S IRVING ST","W JEWELL AVE/S IRVING ST"
609,610,"Shared Roadway","S IRVING ST","W EVANS AVE/S IRVING ST","W JEWELL AVE/S IRVING ST"
610,611,"Shared Roadway","S IRVING ST","W EVANS AVE/S IRVING ST","W JEWELL AVE/S IRVING ST"
223,612,"Shared Roadway","N VINE ST","E 22ND AVE","E 23RD AVE"
614,159,"Shared Roadway","CHEESMAN PARK 1","CHEESMAN PARK 4/N FRANKLIN ST","CHEESMAN PARK 5"
615,616,"Shared Roadway","W 41ST AVE","N INCA ST","N LIPAN ST"
617,618,"Shared Roadway","W HARVARD AVE","S IRVING ST","S LOWELL BLVD"
552,619,"Shared Roadway","E CORNELL AVE","S PONTIAC ST","S NEWPORT ST"
620,621,"Shared Roadway","S LOWELL BLVD","W GIRARD AVE/S KNOX CT/COLI/NMCHG","W GIRARD AVE"
621,622,"Shared Roadway","S LOWELL BLVD","W GIRARD AVE/S KNOX CT/COLI/NMCHG","W GIRARD AVE"
622,623,"Shared Roadway","S LOWELL BLVD","W GIRARD AVE/S KNOX CT/COLI/NMCHG","W GIRARD AVE"
625,626,"Shared Roadway","W DARTMOUTH AVE","SOUTH PLATTE RIVER TRAIL","W DARTMOUTH AVE"
627,80,"Shared Roadway","E MISSISSIPPI AVE","S CHERRY ST","S HARRISON ST"
523,628,"Shared Roadway","N GARFIELD ST","E 17TH AVE","E ELLSWORTH AVE"
628,547,"Shared Roadway","N GARFIELD ST","E 17TH AVE","E ELLSWORTH AVE"
547,629,"Shared Roadway","N GARFIELD ST","E 17TH AVE","E ELLSWORTH AVE"
630,178,"Shared Roadway","N PERRY ST","W 46TH AVE","W 20TH AVE"
178,631,"Shared Roadway","N PERRY ST","W 46TH AVE","W 20TH AVE"
631,632,"Shared Roadway","N PERRY ST","W 46TH AVE","W 20TH AVE"
632,633,"Shared Roadway","N PERRY ST","W 46TH AVE","W 20TH AVE"
633,418,"Shared Roadway","N PERRY ST","W 46TH AVE","W 20TH AVE"
202,634,"Shared Roadway","E FAIRMOUNT DR","E ALAMEDA AVE","E FAIRMOUNT DR/E FAIRMOUNT CIR"
635,636,"Shared Roadway","W 8TH AVE","N HAZEL CT","N KNOX CT"
636,573,"Shared Roadway","W 8TH AVE","N HAZEL CT","N KNOX CT"
132,402,"Shared Roadway","S ADAMS ST","E VASSAR AVE","E DARTMOUTH AVE"
268,534,"Shared Roadway","S LOGAN ST","RAMP/MEDIAN/UNPASS/STR","E BUCHTEL BLVD/E MISSISSIPPI AVE"
75,234,"Shared Roadway","E CEDAR AVE","S MONACO STREET PKWY","S KEARNEY ST"
611,617,"Shared Roadway","S IRVING ST","W EVANS AVE/S IRVING ST","W YALE AVE"
617,607,"Shared Roadway","S IRVING ST","W EVANS AVE/S IRVING ST","W YALE AVE"
607,637,"Shared Roadway","S IRVING ST","W EVANS AVE/S IRVING ST","W YALE AVE"
639,640,"Shared Roadway","W BATES AVE","S RALEIGH ST","S HOBART WAY"
631,170,"Shared Roadway","W 26TH AVE","N PERRY ST","N SHERIDAN BLVD"
170,641,"Shared Roadway","W 26TH AVE","N PERRY ST","N SHERIDAN BLVD"
641,642,"Shared Roadway","W 26TH AVE","N PERRY ST","N SHERIDAN BLVD"
635,643,"Shared Roadway","N HAZEL CT","W 12TH AVE","W 8TH AVE"
643,644,"Shared Roadway","N HAZEL CT","W 12TH AVE","W 8TH AVE"
645,539,"Shared Roadway","E HARVARD AVE","S LOGAN ST","S SHERMAN ST"
638,646,"Shared Roadway","N PERRY ST","W 6TH AVENUE FWY/STR","W 4TH AVE"
647,364,"Shared Roadway","N CLERMONT ST","E 12TH AVE","E 6TH AVENUE PKWY"
364,542,"Shared Roadway","N CLERMONT ST","E 12TH AVE","E 6TH AVENUE PKWY"
368,648,"Shared Roadway","N YOSEMITE WAY","E YOSEMITE WAY","E 5TH PL/N YOSEMITE WAY"
360,649,"Shared Use Path","E NORTHFIELD BLVD","N DALLAS ST","N CENTRAL PARK BLVD"
649,650,"Shared Use Path","E NORTHFIELD BLVD","N DALLAS ST","N CENTRAL PARK BLVD"
650,651,"Shared Use Path","E NORTHFIELD BLVD","N DALLAS ST","N CENTRAL PARK BLVD"
651,44,"Shared Use Path","E NORTHFIELD BLVD","N DALLAS ST","N CENTRAL PARK BLVD"
44,652,"Shared Use Path","E NORTHFIELD BLVD","N DALLAS ST","N CENTRAL PARK BLVD"
652,277,"Shared Use Path","E NORTHFIELD BLVD","N DALLAS ST","N CENTRAL PARK BLVD"
437,8,"Bike Lane","S SYRACUSE WAY","S UINTA ST","S YOSEMITE ST"
653,654,"Bike Lane","E UNION AVE","S MONACO ST/PRIVATE RD/TRAFFIC SIGNAL/SUBDIVISION RD","S YOSEMITE ST"
654,655,"Bike Lane","E UNION AVE","S MONACO ST/PRIVATE RD/TRAFFIC SIGNAL/SUBDIVISION RD","S YOSEMITE ST"
655,656,"Bike Lane","E UNION AVE","S MONACO ST/PRIVATE RD/TRAFFIC SIGNAL/SUBDIVISION RD","S YOSEMITE ST"
656,657,"Bike Lane","E UNION AVE","S MONACO ST/PRIVATE RD/TRAFFIC SIGNAL/SUBDIVISION RD","S YOSEMITE ST"
657,380,"Bike Lane","E UNION AVE","S MONACO ST/PRIVATE RD/TRAFFIC SIGNAL/SUBDIVISION RD","S YOSEMITE ST"
380,658,"Bike Lane","E UNION AVE","S MONACO ST/PRIVATE RD/TRAFFIC SIGNAL/SUBDIVISION RD","S YOSEMITE ST"
658,659,"Bike Lane","E UNION AVE","S MONACO ST/PRIVATE RD/TRAFFIC SIGNAL/SUBDIVISION RD","S YOSEMITE ST"
659,660,"Bike Lane","E UNION AVE","S MONACO ST/PRIVATE RD/TRAFFIC SIGNAL/SUBDIVISION RD","S YOSEMITE ST"
660,545,"Bike Lane","E UNION AVE","S MONACO ST/PRIVATE RD/TRAFFIC SIGNAL/SUBDIVISION RD","S YOSEMITE ST"
661,12,"Shared Roadway","W 41ST AVE","N ELATI ST","N FOX ST"
662,282,"Bike Lane","E 11TH AVE","N GRANT ST","N INCA ST"
282,240,"Bike Lane","E 11TH AVE","N GRANT ST","N INCA ST"
240,71,"Bike Lane","E 11TH AVE","N GRANT ST","N INCA ST"
71,663,"Bike Lane","E 11TH AVE","N GRANT ST","N INCA ST"
209,524,"Bike Lane","E BAYAUD AVE","S COLORADO BLVD","S STEEL ST/E CHERRY CREEK NORTH DR"
664,161,"Shared Roadway","E 21ST AVE","N FRANKLIN ST","N MARION ST"
665,618,"Bike Lane","S LOWELL BLVD","W EVANS AVE","W FLOYD AVE"
618,666,"Bike Lane","S LOWELL BLVD","W EVANS AVE","W FLOYD AVE"
666,667,"Bike Lane","S LOWELL BLVD","W EVANS AVE","W FLOYD AVE"
667,668,"Bike Lane","S LOWELL BLVD","W EVANS AVE","W FLOYD AVE"
668,77,"Bike Lane","S LOWELL BLVD","W EVANS AVE","W FLOYD AVE"
77,412,"Bike Lane","S LOWELL BLVD","W EVANS AVE","W FLOYD AVE"
412,119,"Bike Lane","S LOWELL BLVD","W EVANS AVE","W FLOYD AVE"
119,620,"Bike Lane","S LOWELL BLVD","W EVANS AVE","W FLOYD AVE"
196,107,"Bike Lane","E 23RD AVE","N KEARNEY ST","N COLORADO BLVD"
107,670,"Bike Lane","E 23RD AVE","N KEARNEY ST","N COLORADO BLVD"
421,671,"Buffered Bike Lane","W REGIS BLVD","N LOWELL BLVD","N FEDERAL BLVD/W 50TH AVE"
671,672,"Buffered Bike Lane","W REGIS BLVD","N LOWELL BLVD","N FEDERAL BLVD/W 50TH AVE"
672,673,"Buffered Bike Lane","W REGIS BLVD","N LOWELL BLVD","N FEDERAL BLVD/W 50TH AVE"
673,674,"Buffered Bike Lane","W REGIS BLVD","N LOWELL BLVD","N FEDERAL BLVD/W 50TH AVE"
20,676,"Shared Roadway","E PRINCETON AVE","S TAMARAC DR","S QUEBEC ST"
677,47,"Bike Lane","CLEVELAND PL","15TH ST","CONNECTING RD/16TH ST"
425,221,"Protected Bike Lane","STOUT ST","19TH ST","26TH ST"
221,679,"Protected Bike Lane","STOUT ST","19TH ST","26TH ST"
315,319,"Bike Lane","N CENTRAL PARK BLVD","E MONTVIEW BLVD/N YOSEMITE ST/COLI","E 36TH AVE"
680,398,"Shared Roadway","E DARTMOUTH AVE","S FRANKLIN ST","S DOWNING ST"
325,681,"Trail","HIGH LINE CANAL TRAIL","GOLDSMITH GULCH TRAIL","CHERRY CREEK TRAIL"
681,682,"Trail","HIGH LINE CANAL TRAIL","GOLDSMITH GULCH TRAIL","CHERRY CREEK TRAIL"
682,683,"Trail","HIGH LINE CANAL TRAIL","GOLDSMITH GULCH TRAIL","CHERRY CREEK TRAIL"
683,684,"Trail","HIGH LINE CANAL TRAIL","GOLDSMITH GULCH TRAIL","CHERRY CREEK TRAIL"
684,685,"Trail","HIGH LINE CANAL TRAIL","GOLDSMITH GULCH TRAIL","CHERRY CREEK TRAIL"
685,686,"Trail","HIGH LINE CANAL TRAIL","GOLDSMITH GULCH TRAIL","CHERRY CREEK TRAIL"
686,687,"Trail","HIGH LINE CANAL TRAIL","GOLDSMITH GULCH TRAIL","CHERRY CREEK TRAIL"
687,688,"Trail","HIGH LINE CANAL TRAIL","GOLDSMITH GULCH TRAIL","CHERRY CREEK TRAIL"
688,689,"Trail","HIGH LINE CANAL TRAIL","GOLDSMITH GULCH TRAIL","CHERRY CREEK TRAIL"
689,690,"Trail","HIGH LINE CANAL TRAIL","GOLDSMITH GULCH TRAIL","CHERRY CREEK TRAIL"
690,691,"Trail","HIGH LINE CANAL TRAIL","GOLDSMITH GULCH TRAIL","CHERRY CREEK TRAIL"
691,692,"Trail","HIGH LINE CANAL TRAIL","GOLDSMITH GULCH TRAIL","CHERRY CREEK TRAIL"
692,693,"Trail","HIGH LINE CANAL TRAIL","GOLDSMITH GULCH TRAIL","CHERRY CREEK TRAIL"
693,694,"Trail","HIGH LINE CANAL TRAIL","GOLDSMITH GULCH TRAIL","CHERRY CREEK TRAIL"
694,335,"Trail","HIGH LINE CANAL TRAIL","GOLDSMITH GULCH TRAIL","CHERRY CREEK TRAIL"
695,696,"Trail","LAKEWOOD GULCH TRAIL","SOUTH PLATTE RIVER TRAIL","N WOLFF ST"
696,697,"Trail","LAKEWOOD GULCH TRAIL","SOUTH PLATTE RIVER TRAIL","N WOLFF ST"
697,698,"Trail","LAKEWOOD GULCH TRAIL","SOUTH PLATTE RIVER TRAIL","N WOLFF ST"
698,699,"Trail","LAKEWOOD GULCH TRAIL","SOUTH PLATTE RIVER TRAIL","N WOLFF ST"
699,700,"Trail","LAKEWOOD GULCH TRAIL","SOUTH PLATTE RIVER TRAIL","N WOLFF ST"
700,701,"Trail","LAKEWOOD GULCH TRAIL","SOUTH PLATTE RIVER TRAIL","N WOLFF ST"
701,644,"Trail","LAKEWOOD GULCH TRAIL","SOUTH PLATTE RIVER TRAIL","N WOLFF ST"
644,702,"Trail","LAKEWOOD GULCH TRAIL","SOUTH PLATTE RIVER TRAIL","N WOLFF ST"
702,703,"Trail","LAKEWOOD GULCH TRAIL","SOUTH PLATTE RIVER TRAIL","N WOLFF ST"
703,704,"Trail","LAKEWOOD GULCH TRAIL","SOUTH PLATTE RIVER TRAIL","N WOLFF ST"
704,705,"Trail","LAKEWOOD GULCH TRAIL","SOUTH PLATTE RIVER TRAIL","N WOLFF ST"
705,706,"Trail","LAKEWOOD GULCH TRAIL","SOUTH PLATTE RIVER TRAIL","N WOLFF ST"
706,707,"Trail","LAKEWOOD GULCH TRAIL","SOUTH PLATTE RIVER TRAIL","N WOLFF ST"
707,708,"Trail","LAKEWOOD GULCH TRAIL","SOUTH PLATTE RIVER TRAIL","N WOLFF ST"
278,709,"Trail","SAND CREEK TRAIL","47TH AVE","CENRTAL PARK BLVD"
709,710,"Trail","SAND CREEK TRAIL","47TH AVE","CENRTAL PARK BLVD"
710,711,"Trail","SAND CREEK TRAIL","47TH AVE","CENRTAL PARK BLVD"
711,712,"Trail","SAND CREEK TRAIL","47TH AVE","CENRTAL PARK BLVD"
712,713,"Trail","SAND CREEK TRAIL","47TH AVE","CENRTAL PARK BLVD"
713,714,"Trail","SAND CREEK TRAIL","47TH AVE","CENRTAL PARK BLVD"
714,715,"Trail","SAND CREEK TRAIL","47TH AVE","CENRTAL PARK BLVD"
715,716,"Trail","SAND CREEK TRAIL","47TH AVE","CENRTAL PARK BLVD"
716,717,"Trail","SAND CREEK TRAIL","47TH AVE","CENRTAL PARK BLVD"
721,722,"Shared Roadway","S ONEIDA ST","E MEXICO AVE","E PANORAMA LN"
89,353,"Shared Roadway","DENVER ZOO RD","CITY PARK RD","DENVER ZOO RD"
623,723,"Shared Roadway","S KNOX CT","S LOWELL BLVD/W GIRARD AVE/COLI/NMCHG","W HAMPDEN AVE"
79,724,"Shared Roadway","N CLERMONT STREET PKWY","E 6TH AVENUE PKWY","E 3RD AVE/N BELO HORIZONTE PKWY"
724,647,"Shared Roadway","N CLERMONT STREET PKWY","E 6TH AVENUE PKWY","E 3RD AVE/N BELO HORIZONTE PKWY"
557,556,"Shared Roadway","DENVER ZOO RD","DENVER ZOO RD","DENVER ZOO RD"
96,725,"Shared Roadway","E 16TH AVE","N ADAMS ST","N STEELE ST"
88,726,"Shared Roadway","N FOX ST","W 41ST AVE","N FOX ST/W 38TH AVE"
726,12,"Shared Roadway","N FOX ST","W 41ST AVE","N FOX ST/W 38TH AVE"
408,142,"Shared Roadway","S WEBSTER ST","W YALE AVE","W DARTMOUTH AVE"
727,728,"Shared Roadway","E ANDREWS DR","N CHAMBERS RD","E ANDREWS DR/E 44TH AVE"
728,729,"Shared Roadway","E ANDREWS DR","N CHAMBERS RD","E ANDREWS DR/E 44TH AVE"
730,101,"Shared Roadway","E 39TH AVE","N DAHLIA ST","N EUDORA WAY"
731,732,"Shared Roadway","E QUINCY AVE","S MONACO ST/E HAPPY CANYON RD","E EASTMOOR DR/S QUEBEC ST"
733,370,"Shared Roadway","DENVER ZOO RD","DENVER ZOO RD","DENVER ZOO RD"
200,557,"Shared Roadway","CITY PARK ESPLANADE","E 17TH AVE","DENVER ZOO RD"
735,736,"Shared Roadway","N KEARNEY ST","E SMITH RD","E 29TH AVE"
736,401,"Shared Roadway","N KEARNEY ST","E SMITH RD","E 29TH AVE"
401,737,"Shared Roadway","N KEARNEY ST","E SMITH RD","E 29TH AVE"
559,738,"Shared Roadway","N PERRY ST","W 4TH AVE","W ELLSWORTH AVE/S PERRY ST"
738,638,"Shared Roadway","N PERRY ST","W 4TH AVE","W ELLSWORTH AVE/S PERRY ST"
739,740,"Shared Roadway","W OHIO AVE","S VALLEJO ST","S ZUNI ST"
740,65,"Shared Roadway","W OHIO AVE","S VALLEJO ST","S ZUNI ST"
98,532,"Shared Roadway","W LOUISIANA AVE","S HURON ST","S JASON ST"
568,741,"Shared Roadway","S DAHLIA ST","E BAYAUD AVE","LEETSDALE DR"
272,314,"Shared Roadway","E 29TH PL","E 29TH AVE","E 29TH AVE"
742,537,"Shared Roadway","E IOWA AVE","S LOGAN ST","S SANTA FE DR"
103,743,"Shared Roadway","E BAYAUD AVE","S PENNSYLVANIA ST","S PEARL ST"
744,745,"Shared Roadway","N CLAYTON ST","E 47TH AVE","E 44TH AVE"
745,575,"Shared Roadway","N CLAYTON ST","E 47TH AVE","E 44TH AVE"
612,309,"Shared Roadway","E 23RD AVE","N YORK ST","N HIGH ST"
746,747,"Shared Roadway","N PERRY ST","W 17TH AVE","W 6TH AVE"
747,5,"Shared Roadway","N PERRY ST","W 17TH AVE","W 6TH AVE"
213,748,"Shared Use Path","E MARTIN LUTHER KING BLVD","N QUEBEC ST/E MARTIN LUTHER KING BLVD","N ROSLYN WAY/N ROSLYN ST"
748,749,"Shared Use Path","E MARTIN LUTHER KING BLVD","N QUEBEC ST/E MARTIN LUTHER KING BLVD","N ROSLYN WAY/N ROSLYN ST"
749,164,"Shared Use Path","E MARTIN LUTHER KING BLVD","N QUEBEC ST/E MARTIN LUTHER KING BLVD","N ROSLYN WAY/N ROSLYN ST"
750,248,"Shared Roadway","S STEELE ST","E EXPOSITION AVE","E MEXICO AVE"
248,751,"Shared Roadway","S STEELE ST","E EXPOSITION AVE","E MEXICO AVE"
752,639,"Bike Lane","S RALEIGH ST","S TENNYSON WAY/W WARREN AVE","W HAMPDEN AVE"
639,413,"Bike Lane","S RALEIGH ST","S TENNYSON WAY/W WARREN AVE","W HAMPDEN AVE"
413,753,"Bike Lane","S RALEIGH ST","S TENNYSON WAY/W WARREN AVE","W HAMPDEN AVE"
754,181,"Bike Lane","E 35TH AVE","N TRENTON ST","N QUEBEC ST"
492,755,"Protected Bike Lane","LAWRENCE ST","N SPEER BLVD/TRAFFIC SIGNAL","24TH AVE"
755,294,"Protected Bike Lane","LAWRENCE ST","N SPEER BLVD/TRAFFIC SIGNAL","24TH AVE"
294,434,"Protected Bike Lane","LAWRENCE ST","N SPEER BLVD/TRAFFIC SIGNAL","24TH AVE"
434,258,"Protected Bike Lane","LAWRENCE ST","N SPEER BLVD/TRAFFIC SIGNAL","24TH AVE"
605,756,"Bike Lane","N EMERSON ST","E LOUISIANA AVE/E BUTCHEL BLVD","E 1ST AVE"
756,757,"Bike Lane","N EMERSON ST","E LOUISIANA AVE/E BUTCHEL BLVD","E 1ST AVE"
757,392,"Bike Lane","N EMERSON ST","E LOUISIANA AVE/E BUTCHEL BLVD","E 1ST AVE"
392,555,"Bike Lane","N EMERSON ST","E LOUISIANA AVE/E BUTCHEL BLVD","E 1ST AVE"
404,758,"Protected Bike Lane","ARAPAHOE ST","24TH AVE","N SPEER BLVD/STR"
758,293,"Protected Bike Lane","ARAPAHOE ST","24TH AVE","N SPEER BLVD/STR"
293,433,"Protected Bike Lane","ARAPAHOE ST","24TH AVE","N SPEER BLVD/STR"
433,759,"Protected Bike Lane","ARAPAHOE ST","24TH AVE","N SPEER BLVD/STR"
759,257,"Protected Bike Lane","ARAPAHOE ST","24TH AVE","N SPEER BLVD/STR"
257,760,"Protected Bike Lane","ARAPAHOE ST","24TH AVE","N SPEER BLVD/STR"
761,82,"Bike Lane","E 22ND AVE","N YORK ST","N WASHINGTON ST"
82,762,"Bike Lane","E 22ND AVE","N YORK ST","N WASHINGTON ST"
762,145,"Bike Lane","E 22ND AVE","N YORK ST","N WASHINGTON ST"
145,223,"Bike Lane","E 22ND AVE","N YORK ST","N WASHINGTON ST"
223,763,"Bike Lane","E 22ND AVE","N YORK ST","N WASHINGTON ST"
764,179,"Bike Lane","N STUART ST","SLOANS LAKE PARK RD 1/W 23RD AVE","W 20TH AVE"
765,3,"Bike Lane","N MARIPOSA ST","W COLFAX AVE","W 8TH AVE"
3,766,"Bike Lane","N MARIPOSA ST","W COLFAX AVE","W 8TH AVE"
766,767,"Bike Lane","N MARIPOSA ST","W COLFAX AVE","W 8TH AVE"
767,768,"Bike Lane","N MARIPOSA ST","W COLFAX AVE","W 8TH AVE"
769,770,"Bike Lane","E MARTIN LUTHER KING BLVD","N ELIZABETH ST/E 31ST AVENUE DR","N PONTIAC ST"
770,771,"Bike Lane","E MARTIN LUTHER KING BLVD","N ELIZABETH ST/E 31ST AVENUE DR","N PONTIAC ST"
771,92,"Bike Lane","E MARTIN LUTHER KING BLVD","N ELIZABETH ST/E 31ST AVENUE DR","N PONTIAC ST"
92,772,"Bike Lane","E MARTIN LUTHER KING BLVD","N ELIZABETH ST/E 31ST AVENUE DR","N PONTIAC ST"
772,773,"Bike Lane","E MARTIN LUTHER KING BLVD","N ELIZABETH ST/E 31ST AVENUE DR","N PONTIAC ST"
773,774,"Bike Lane","E MARTIN LUTHER KING BLVD","N ELIZABETH ST/E 31ST AVENUE DR","N PONTIAC ST"
774,110,"Bike Lane","E MARTIN LUTHER KING BLVD","N ELIZABETH ST/E 31ST AVENUE DR","N PONTIAC ST"
110,775,"Bike Lane","E MARTIN LUTHER KING BLVD","N ELIZABETH ST/E 31ST AVENUE DR","N PONTIAC ST"
775,776,"Bike Lane","E MARTIN LUTHER KING BLVD","N ELIZABETH ST/E 31ST AVENUE DR","N PONTIAC ST"
776,777,"Bike Lane","E MARTIN LUTHER KING BLVD","N ELIZABETH ST/E 31ST AVENUE DR","N PONTIAC ST"
777,778,"Bike Lane","E MARTIN LUTHER KING BLVD","N ELIZABETH ST/E 31ST AVENUE DR","N PONTIAC ST"
778,736,"Bike Lane","E MARTIN LUTHER KING BLVD","N ELIZABETH ST/E 31ST AVENUE DR","N PONTIAC ST"
736,779,"Bike Lane","E MARTIN LUTHER KING BLVD","N ELIZABETH ST/E 31ST AVENUE DR","N PONTIAC ST"
779,780,"Bike Lane","E MARTIN LUTHER KING BLVD","N ELIZABETH ST/E 31ST AVENUE DR","N PONTIAC ST"
780,781,"Bike Lane","E MARTIN LUTHER KING BLVD","N ELIZABETH ST/E 31ST AVENUE DR","N PONTIAC ST"
781,782,"Bike Lane","E MARTIN LUTHER KING BLVD","N ELIZABETH ST/E 31ST AVENUE DR","N PONTIAC ST"
782,213,"Bike Lane","E MARTIN LUTHER KING BLVD","N ELIZABETH ST/E 31ST AVENUE DR","N PONTIAC ST"
32,783,"Bike Lane","E BUCHTEL BLVD","S FRANKLIN ST","E BUCHTEL BLVD/E FLORIDA AVE"
783,33,"Bike Lane","E BUCHTEL BLVD","S FRANKLIN ST","E BUCHTEL BLVD/E FLORIDA AVE"
47,577,"Bike Lane","E 16TH AVE","CITY PARK ESPLANADE","N BROADWAY"
577,160,"Bike Lane","E 16TH AVE","CITY PARK ESPLANADE","N BROADWAY"
160,199,"Bike Lane","E 16TH AVE","CITY PARK ESPLANADE","N BROADWAY"
784,676,"Bike Lane","S TAMARAC DR","E HAMPDEN CIR","E QUINCY AVE"
676,785,"Bike Lane","S TAMARAC DR","E HAMPDEN CIR","E QUINCY AVE"
786,787,"Bike Lane","E 8TH AVE","N UINTA WAY","N QUEBEC ST"
311,192,"Bike Lane","E 23RD AVE","MEDIAN END","MEDIAN"
335,788,"Trail","HIGH LINE CANAL TRAIL","CHERRY CREEK TRAIL","PARKER RD"
788,789,"Trail","HIGH LINE CANAL TRAIL","CHERRY CREEK TRAIL","PARKER RD"
789,790,"Trail","HIGH LINE CANAL TRAIL","CHERRY CREEK TRAIL","PARKER RD"
790,791,"Trail","HIGH LINE CANAL TRAIL","CHERRY CREEK TRAIL","PARKER RD"
791,792,"Trail","HIGH LINE CANAL TRAIL","CHERRY CREEK TRAIL","PARKER RD"
792,793,"Trail","HIGH LINE CANAL TRAIL","CHERRY CREEK TRAIL","PARKER RD"
793,794,"Trail","HIGH LINE CANAL TRAIL","CHERRY CREEK TRAIL","PARKER RD"
794,795,"Trail","HIGH LINE CANAL TRAIL","CHERRY CREEK TRAIL","PARKER RD"
795,796,"Trail","HIGH LINE CANAL TRAIL","CHERRY CREEK TRAIL","PARKER RD"
796,243,"Trail","HIGH LINE CANAL TRAIL","CHERRY CREEK TRAIL","PARKER RD"
243,797,"Trail","HIGH LINE CANAL TRAIL","CHERRY CREEK TRAIL","PARKER RD"
797,798,"Trail","HIGH LINE CANAL TRAIL","CHERRY CREEK TRAIL","PARKER RD"
799,800,"Shared Use Path","CUERNAVACA PARK OFF-STREET CONNECTOR","N JASON ST","SOUTH PLATTE RIVER TRAIL"
800,801,"Shared Use Path","CUERNAVACA PARK OFF-STREET CONNECTOR","N JASON ST","SOUTH PLATTE RIVER TRAIL"
801,802,"Shared Use Path","CUERNAVACA PARK OFF-STREET CONNECTOR","N JASON ST","SOUTH PLATTE RIVER TRAIL"
400,803,"Shared Roadway","N JACKSON ST","E 40TH AVE","E 35TH AVE"
262,225,"Shared Roadway","CHEESMAN PARK 3","CHEESMAN PARK 2","CHEESMAN PARK 5"
666,752,"Shared Roadway","W YALE AVE","S LOWELL BLVD","S SHERIDAN BLVD"
804,805,"Bike Lane","E 19TH AVE","N GRANT ST","N EMERSON ST"
238,725,"Shared Roadway","N ADAMS ST","E COLFAX AVE","E 16TH AVE"
252,362,"Shared Roadway","N KRAMERIA ST","E 12TH AVE","E 6TH AVENUE PKWY"
362,13,"Shared Roadway","N KRAMERIA ST","E 12TH AVE","E 6TH AVENUE PKWY"
83,246,"Shared Roadway","S TEJON ST","W CEDAR AVE","W BYERS PL"
543,323,"Shared Roadway","N CHERRY ST","E MONTVIEW BLVD","E 12TH AVE"
350,388,"Shared Roadway","S QUEBEC ST","E ALAMEDA AVE","PRIVATE RD/S QUEBEC ST"
163,807,"Shared Roadway","S SAINT PAUL ST","S STEELE ST/E COLORADO AVE","E VASSAR AVE"
807,56,"Shared Roadway","S SAINT PAUL ST","S STEELE ST/E COLORADO AVE","E VASSAR AVE"
734,640,"Shared Roadway","S HOBART WAY","S HARLAN WAY","W BATES AVE/NMCHG"
41,808,"Shared Roadway","N YOSEMITE ST","E COLFAX AVE","E 11TH AVE"
17,809,"Shared Roadway","COURT PL","W COLFAX AVE/N CHEROKEE ST","16TH ST"
809,810,"Shared Roadway","COURT PL","W COLFAX AVE/N CHEROKEE ST","16TH ST"
739,118,"Shared Roadway","S VALLEJO ST","W OHIO AVE","W KENTUCKY AVE"
645,812,"Shared Roadway","S SHERMAN ST","E HARVARD AVE","E YALE AVE"
813,814,"Shared Roadway","S DAHLIA ST","E MISSISSIPPI AVE","E WARREN AVE"
815,816,"Shared Roadway","N BELO HORIZONTE PKWY","N BELO HORIZONTE PKWY","E 1ST AVE"
816,78,"Shared Roadway","N BELO HORIZONTE PKWY","N BELO HORIZONTE PKWY","E 1ST AVE"
650,817,"Shared Use Path","E NORTHFIELD BLVD","N DALLAS ST","N CENTRAL PARK BLVD"
817,818,"Shared Use Path","E NORTHFIELD BLVD","N DALLAS ST","N CENTRAL PARK BLVD"
818,819,"Shared Use Path","E NORTHFIELD BLVD","N DALLAS ST","N CENTRAL PARK BLVD"
819,651,"Shared Use Path","E NORTHFIELD BLVD","N DALLAS ST","N CENTRAL PARK BLVD"
426,256,"Buffered Bike Lane","CHAMPA ST","E MARTIN LUTHER KING BLVD","19TH ST"
256,222,"Buffered Bike Lane","CHAMPA ST","E MARTIN LUTHER KING BLVD","19TH ST"
573,820,"Shared Roadway","N KNOX CT","W 14TH AVE","W 8TH AVE"
820,821,"Shared Roadway","N KNOX CT","W 14TH AVE","W 8TH AVE"
173,822,"Bike Lane","W 46TH AVE","N TENNYSON ST","N SHERIDAN BLVD"
415,675,"Shared Use Path","N FEDERAL BLVD","W 2ND AVE","W 2ND AVE"
655,823,"Bike Lane","E UNION AVE","S YOSEMITE ST","S MONACO ST/PRIVATE RD/TRAFFIC SIGNAL/SUBDIVISION RD"
823,656,"Bike Lane","E UNION AVE","S YOSEMITE ST","S MONACO ST/PRIVATE RD/TRAFFIC SIGNAL/SUBDIVISION RD"
738,417,"Buffered Bike Lane","W 1ST AVE","N LOWELL BLVD","N SHERIDAN BLVD"
417,824,"Buffered Bike Lane","W 1ST AVE","N LOWELL BLVD","N SHERIDAN BLVD"
825,826,"Shared Roadway","N CROWN BLVD","E 56TH AVE","E ALBROOK DR"
430,829,"Bike Lane","WATER ST","PRIVATE RD/TRAFFIC SIGNAL BTWN 7TH ST AND  N SPEER BLVD/STR","N ALCOTT ST"
342,830,"Bike Lane","W 7TH AVE","BGN","N BRYANT ST"
750,831,"Bike Lane","E EXPOSITION AVE","S JACKSON ST","S COLUMBINE ST"
833,493,"Protected Bike Lane","LARIMER ST","CHERRY CREEK CONNECTOR","14TH STREET/TRAFFIC SIGNAL"
127,233,"Bike Lane","E YALE AVE","S SYRACUSE WAY/COLI","S QUEBEC ST"
835,218,"Bike Lane","E 12TH AVE","N MADISON ST","N CLAYTON ST"
218,236,"Bike Lane","E 12TH AVE","N MADISON ST","N CLAYTON ST"
836,754,"Bike Lane","N SYRACUSE ST","E 35TH AVE","E 32ND AVE"
606,837,"Bike Lane","S FRANKLIN ST","E LOUISIANA AVE","E BUCHTEL BLVD/RAMP"
837,34,"Bike Lane","S FRANKLIN ST","E LOUISIANA AVE","E BUCHTEL BLVD/RAMP"
202,838,"Shared Use Path","E ALAMEDA AVE","E FAIRMOUNT DR","S GALENA WAY/COLI"
838,204,"Shared Use Path","E ALAMEDA AVE","E FAIRMOUNT DR","S GALENA WAY/COLI"
590,839,"Shared Use Path","E CHERRY CREEK NORTH DR SHARED USE SIDEWALK","GARLAND GREENDBELT TRAIL","S HOLLY ST"
16,677,"Shared Use Path","WELLINGTON WEBB SHARED SIDEWALK","W COLFAX AVE/N BANNOCK ST","15TH ST"
201,840,"Shared Use Path","E FAIRMOUNT DR","E ALAMEDA AVE","E LOWRY BLVD/TRAF CIR"
840,841,"Shared Use Path","E FAIRMOUNT DR","E ALAMEDA AVE","E LOWRY BLVD/TRAF CIR"
841,202,"Shared Use Path","E FAIRMOUNT DR","E ALAMEDA AVE","E LOWRY BLVD/TRAF CIR"
67,843,"Shared Roadway","S RALEIGH ST","W WALSH PL","W LOUISIANA AVE"
843,844,"Shared Roadway","S RALEIGH ST","W WALSH PL","W LOUISIANA AVE"
845,808,"Shared Roadway","E 12TH AVE","N YOSEMITE ST/COLI","N MONACO STREET PKWY"
744,369,"Shared Roadway","E 44TH AVE","N STEELE ST","N CLAYTON ST"
152,846,"Shared Roadway","S XAVIER ST","W FLORIDA AVE","W COLORADO AVE"
613,847,"Shared Roadway","N CHEROKEE ST","W 1ST AVE","W BAYAUD AVE"
848,847,"Shared Roadway","E 1ST AVE","N CORONA ST/CONNECTING RD","N GALAPAGO ST"
847,180,"Shared Roadway","E 1ST AVE","N CORONA ST/CONNECTING RD","N GALAPAGO ST"
180,849,"Shared Roadway","E 1ST AVE","N CORONA ST/CONNECTING RD","N GALAPAGO ST"
849,104,"Shared Roadway","E 1ST AVE","N CORONA ST/CONNECTING RD","N GALAPAGO ST"
104,140,"Shared Roadway","E 1ST AVE","N CORONA ST/CONNECTING RD","N GALAPAGO ST"
140,850,"Shared Roadway","E 1ST AVE","N CORONA ST/CONNECTING RD","N GALAPAGO ST"
850,555,"Shared Roadway","E 1ST AVE","N CORONA ST/CONNECTING RD","N GALAPAGO ST"
555,851,"Shared Roadway","E 1ST AVE","N CORONA ST/CONNECTING RD","N GALAPAGO ST"
852,853,"Shared Roadway","E 29TH AVE","N QUEBEC ST","N DOWNING ST"
853,91,"Shared Roadway","E 29TH AVE","N QUEBEC ST","N DOWNING ST"
91,109,"Shared Roadway","E 29TH AVE","N QUEBEC ST","N DOWNING ST"
109,735,"Shared Roadway","E 29TH AVE","N QUEBEC ST","N DOWNING ST"
735,123,"Shared Roadway","E 29TH AVE","N QUEBEC ST","N DOWNING ST"
123,212,"Shared Roadway","E 29TH AVE","N QUEBEC ST","N DOWNING ST"
212,271,"Shared Roadway","E 29TH AVE","N QUEBEC ST","N DOWNING ST"
854,855,"Shared Roadway","S CHERRY ST","LEETSDALE DR","E MISSISSIPPI AVE"
855,856,"Shared Roadway","S CHERRY ST","LEETSDALE DR","E MISSISSIPPI AVE"
856,80,"Shared Roadway","S CHERRY ST","LEETSDALE DR","E MISSISSIPPI AVE"
57,371,"Shared Roadway","N OGDEN ST","E COLFAX AVE","E 3RD AVE"
371,414,"Shared Roadway","N OGDEN ST","E COLFAX AVE","E 3RD AVE"
414,857,"Shared Roadway","N OGDEN ST","E COLFAX AVE","E 3RD AVE"
353,556,"Shared Roadway","DENVER ZOO RD","DENVER ZOO RD","DENVER ZOO RD"
731,858,"Shared Roadway","E QUINCY AVE","E EASTMOOR DR/S QUEBEC ST","E HAPPY CANYON RD/S MONACO ST"
858,732,"Shared Roadway","E QUINCY AVE","E EASTMOOR DR/S QUEBEC ST","E HAPPY CANYON RD/S MONACO ST"
859,6,"Shared Roadway","N WOLFF ST","W 17TH AVE","W WELLS PL"
664,762,"Shared Roadway","N LAFAYETTE ST","E 29TH AVE","E 21ST AVE"
762,860,"Shared Roadway","N LAFAYETTE ST","E 29TH AVE","E 21ST AVE"
860,852,"Shared Roadway","N LAFAYETTE ST","E 29TH AVE","E 21ST AVE"
544,567,"Shared Roadway","S CLERMONT ST","N CLERMONT ST/E ELLSWORTH AVE","E BAYAUD AVE"
494,230,"Shared Roadway","WYNKOOP ST","BGN","15TH ST"
303,861,"Shared Roadway","N ELIOT ST","W 29TH AVE","W 20TH AVE/NAME CHG"
70,862,"Shared Roadway","S DELAWARE ST","W ILIFF AVE","W YALE AVE"
853,863,"Shared Roadway","N FRANKLIN ST","E BRUCE RANDOLPH AVE","E 29TH AVE"
863,864,"Shared Roadway","N FRANKLIN ST","E BRUCE RANDOLPH AVE","E 29TH AVE"
358,84,"Shared Roadway","S BRYANT ST","N BRYANT WAY/W ELLSWORTH AVE","W CEDAR AVE"
865,247,"Shared Roadway","E EXPOSITION AVE","S COLUMBINE ST","S FRANKLIN ST"
848,866,"Shared Roadway","N GALAPAGO ST","W 11TH AVE","W 1ST AVE"
866,663,"Shared Roadway","N GALAPAGO ST","W 11TH AVE","W 1ST AVE"
603,643,"Shared Roadway","W 10TH AVE","N DECATUR ST","N SHERIDAN BLVD"
643,820,"Shared Roadway","W 10TH AVE","N DECATUR ST","N SHERIDAN BLVD"
820,746,"Shared Roadway","W 10TH AVE","N DECATUR ST","N SHERIDAN BLVD"
746,867,"Shared Roadway","W 10TH AVE","N DECATUR ST","N SHERIDAN BLVD"
867,868,"Shared Roadway","W 10TH AVE","N DECATUR ST","N SHERIDAN BLVD"
869,121,"Bike Lane","E 23RD AVE","N KEARNEY ST","N QUEBEC ST"
121,670,"Bike Lane","E 23RD AVE","N KEARNEY ST","N QUEBEC ST"
870,526,"Bike Lane","BLAKE ST","N BROADWAY","40TH ST"
526,871,"Bike Lane","BLAKE ST","N BROADWAY","40TH ST"
581,872,"Trail","WESTERLY CREEK TRAIL","MONTVIEW BLVD","SAND CREEK TRAIL"
872,43,"Trail","WESTERLY CREEK TRAIL","MONTVIEW BLVD","SAND CREEK TRAIL"
43,873,"Trail","WESTERLY CREEK TRAIL","MONTVIEW BLVD","SAND CREEK TRAIL"
873,874,"Trail","WESTERLY CREEK TRAIL","MONTVIEW BLVD","SAND CREEK TRAIL"
874,875,"Trail","WESTERLY CREEK TRAIL","MONTVIEW BLVD","SAND CREEK TRAIL"
737,876,"Shared Roadway","E SMITH RD","N QUEBEC ST","N ALBION ST"
877,878,"Bike Lane","E 11TH AVE","N QUINCE ST","N YOSEMITE ST"
878,41,"Bike Lane","E 11TH AVE","N QUINCE ST","N YOSEMITE ST"
17,313,"Protected Bike Lane","14TH ST","MARKET ST","COURT PL"
313,29,"Protected Bike Lane","14TH ST","MARKET ST","COURT PL"
29,580,"Protected Bike Lane","14TH ST","MARKET ST","COURT PL"
580,879,"Protected Bike Lane","14TH ST","MARKET ST","COURT PL"
879,758,"Protected Bike Lane","14TH ST","MARKET ST","COURT PL"
758,755,"Protected Bike Lane","14TH ST","MARKET ST","COURT PL"
755,833,"Protected Bike Lane","14TH ST","MARKET ST","COURT PL"
404,879,"Bike Lane","CHAMPA ST","19TH ST","N SPEER BLVD"
879,291,"Bike Lane","CHAMPA ST","19TH ST","N SPEER BLVD"
291,411,"Bike Lane","CHAMPA ST","19TH ST","N SPEER BLVD"
411,426,"Bike Lane","CHAMPA ST","19TH ST","N SPEER BLVD"
42,880,"Buffered Bike Lane","N ROSLYN WAY","E 32ND AVE TRAF CIR","N SYRACUSE ST"
880,387,"Buffered Bike Lane","N ROSLYN WAY","E 32ND AVE TRAF CIR","N SYRACUSE ST"
387,272,"Buffered Bike Lane","N ROSLYN WAY","E 32ND AVE TRAF CIR","N SYRACUSE ST"
272,164,"Buffered Bike Lane","N ROSLYN WAY","E 32ND AVE TRAF CIR","N SYRACUSE ST"
164,836,"Buffered Bike Lane","N ROSLYN WAY","E 32ND AVE TRAF CIR","N SYRACUSE ST"
716,881,"Trail","NORTH STAPLETON TRAIL","SAND CREEK TRAIL","E 50TH AVE"
881,46,"Trail","NORTH STAPLETON TRAIL","SAND CREEK TRAIL","E 50TH AVE"
46,882,"Trail","NORTH STAPLETON TRAIL","SAND CREEK TRAIL","E 50TH AVE"
882,883,"Trail","NORTH STAPLETON TRAIL","SAND CREEK TRAIL","E 50TH AVE"
883,884,"Trail","NORTH STAPLETON TRAIL","SAND CREEK TRAIL","E 50TH AVE"
884,885,"Trail","NORTH STAPLETON TRAIL","SAND CREEK TRAIL","E 50TH AVE"
885,886,"Trail","NORTH STAPLETON TRAIL","SAND CREEK TRAIL","E 50TH AVE"
886,887,"Trail","NORTH STAPLETON TRAIL","SAND CREEK TRAIL","E 50TH AVE"
887,888,"Trail","NORTH STAPLETON TRAIL","SAND CREEK TRAIL","E 50TH AVE"
888,889,"Trail","NORTH STAPLETON TRAIL","SAND CREEK TRAIL","E 50TH AVE"
578,804,"Protected Bike Lane","E 19TH AVE","N BROADWAY/GLENARM PL","N GRANT ST"
890,891,"Bike Lane","N BRYANT ST","W 5TH PL","W 2ND AVE"
891,892,"Bike Lane","N BRYANT ST","W 5TH PL","W 2ND AVE"
42,314,"Buffered Bike Lane","N SYRACUSE ST","N ROSLYN ST","E 32ND AVE/TRAF CIR"
314,165,"Buffered Bike Lane","N SYRACUSE ST","N ROSLYN ST","E 32ND AVE/TRAF CIR"
165,836,"Buffered Bike Lane","N SYRACUSE ST","N ROSLYN ST","E 32ND AVE/TRAF CIR"
786,878,"Bike Lane","N SYRACUSE ST","E MONTVIEW BLVD","E 8TH AVE"
878,893,"Bike Lane","N SYRACUSE ST","E MONTVIEW BLVD","E 8TH AVE"
893,845,"Bike Lane","N SYRACUSE ST","E MONTVIEW BLVD","E 8TH AVE"
845,324,"Bike Lane","N SYRACUSE ST","E MONTVIEW BLVD","E 8TH AVE"
884,894,"Bike Lane","E PRAIRIE MEADOW DR","N SPRUCE ST","N DALLAS ST"
894,895,"Bike Lane","E PRAIRIE MEADOW DR","N SPRUCE ST","N DALLAS ST"
895,885,"Bike Lane","E PRAIRIE MEADOW DR","N SPRUCE ST","N DALLAS ST"
885,896,"Bike Lane","E PRAIRIE MEADOW DR","N SPRUCE ST","N DALLAS ST"
896,897,"Bike Lane","E PRAIRIE MEADOW DR","N SPRUCE ST","N DALLAS ST"
897,898,"Bike Lane","E PRAIRIE MEADOW DR","N SPRUCE ST","N DALLAS ST"
898,899,"Bike Lane","E PRAIRIE MEADOW DR","N SPRUCE ST","N DALLAS ST"
899,900,"Bike Lane","E PRAIRIE MEADOW DR","N SPRUCE ST","N DALLAS ST"
900,901,"Bike Lane","E PRAIRIE MEADOW DR","N SPRUCE ST","N DALLAS ST"
901,902,"Bike Lane","E PRAIRIE MEADOW DR","N SPRUCE ST","N DALLAS ST"
902,903,"Bike Lane","E PRAIRIE MEADOW DR","N SPRUCE ST","N DALLAS ST"
903,904,"Bike Lane","E PRAIRIE MEADOW DR","N SPRUCE ST","N DALLAS ST"
904,905,"Bike Lane","E PRAIRIE MEADOW DR","N SPRUCE ST","N DALLAS ST"
905,906,"Bike Lane","E PRAIRIE MEADOW DR","N SPRUCE ST","N DALLAS ST"
24,907,"Protected Bike Lane","N BRIGHTON BLVD","E 47TH AVE","E 49TH AVE"
811,804,"Bike Lane","N GRANT ST","E 20TH AVE","E 19TH AVE"
827,908,"Bike Lane","E MARTIN LUTHER KING BLVD","N LAFAYETTE ST","N DOWNING ST"
908,909,"Bike Lane","E MARTIN LUTHER KING BLVD","N LAFAYETTE ST","N DOWNING ST"
909,910,"Bike Lane","E MARTIN LUTHER KING BLVD","N LAFAYETTE ST","N DOWNING ST"
805,911,"Bike Lane","N CLARKSON ST","PARK AVE","E 19TH AVE"
818,912,"Bike Lane","N CENTRAL PARK BLVD","E NORTHFIELD BLVD","E 56TH AVE"
912,913,"Bike Lane","N CENTRAL PARK BLVD","E NORTHFIELD BLVD","E 56TH AVE"
817,913,"Bike Lane","N CENTRAL PARK BLVD","E NORTHFIELD BLVD","E 56TH AVE"
913,905,"Bike Lane","N CENTRAL PARK BLVD","E NORTHFIELD BLVD","E 56TH AVE"
913,914,"Bike Lane","N CENTRAL PARK BLVD","E NORTHFIELD BLVD","E 56TH AVE"
914,905,"Bike Lane","N CENTRAL PARK BLVD","E NORTHFIELD BLVD","E 56TH AVE"
905,915,"Bike Lane","N CENTRAL PARK BLVD","E NORTHFIELD BLVD","E 56TH AVE"
871,116,"Bike Lane","40TH ST","BLAKE ST","N FRANKLIN ST"
917,918,"Trail","WEIR GULCH TRAIL","SOUTH PLATTE RIVER TRAIL","S SHERIDAN BLVD"
918,417,"Trail","WEIR GULCH TRAIL","SOUTH PLATTE RIVER TRAIL","S SHERIDAN BLVD"
417,416,"Trail","WEIR GULCH TRAIL","SOUTH PLATTE RIVER TRAIL","S SHERIDAN BLVD"
416,919,"Trail","WEIR GULCH TRAIL","SOUTH PLATTE RIVER TRAIL","S SHERIDAN BLVD"
919,920,"Trail","WEIR GULCH TRAIL","SOUTH PLATTE RIVER TRAIL","S SHERIDAN BLVD"
920,921,"Trail","WEIR GULCH TRAIL","SOUTH PLATTE RIVER TRAIL","S SHERIDAN BLVD"
921,922,"Trail","WEIR GULCH TRAIL","SOUTH PLATTE RIVER TRAIL","S SHERIDAN BLVD"
922,923,"Trail","WEIR GULCH TRAIL","SOUTH PLATTE RIVER TRAIL","S SHERIDAN BLVD"
923,924,"Trail","WEIR GULCH TRAIL","SOUTH PLATTE RIVER TRAIL","S SHERIDAN BLVD"
924,925,"Trail","WEIR GULCH TRAIL","SOUTH PLATTE RIVER TRAIL","S SHERIDAN BLVD"
925,926,"Trail","WEIR GULCH TRAIL","SOUTH PLATTE RIVER TRAIL","S SHERIDAN BLVD"
926,927,"Trail","WEIR GULCH TRAIL","SOUTH PLATTE RIVER TRAIL","S SHERIDAN BLVD"
927,928,"Trail","WEIR GULCH TRAIL","SOUTH PLATTE RIVER TRAIL","S SHERIDAN BLVD"
751,929,"Buffered Bike Lane","E FLORIDA AVE","S STEELE ST","S MONACO STREET PKWY"
929,813,"Buffered Bike Lane","E FLORIDA AVE","S STEELE ST","S MONACO STREET PKWY"
813,930,"Buffered Bike Lane","E FLORIDA AVE","S STEELE ST","S MONACO STREET PKWY"
324,931,"Buffered Bike Lane","N SYRACUSE ST","N ROSLYN ST","E MONTVIEW BLVD"
931,42,"Buffered Bike Lane","N SYRACUSE ST","N ROSLYN ST","E MONTVIEW BLVD"
933,934,"Bike Lane","W 29TH AVE","N FEDERAL BLVD","N SHERIDAN BLVD"
934,632,"Bike Lane","W 29TH AVE","N FEDERAL BLVD","N SHERIDAN BLVD"
632,171,"Bike Lane","W 29TH AVE","N FEDERAL BLVD","N SHERIDAN BLVD"
171,935,"Bike Lane","W 29TH AVE","N FEDERAL BLVD","N SHERIDAN BLVD"
935,936,"Bike Lane","W 29TH AVE","N FEDERAL BLVD","N SHERIDAN BLVD"
863,937,"Protected Bike Lane","E 31ST AVE","N DOWNING","N GILPIN ST"
938,939,"Trail","DRY GULCH TRAIL","SHERIDAN BLVD","LAKEWOOD GULCH TRAIL"
939,940,"Trail","DRY GULCH TRAIL","SHERIDAN BLVD","LAKEWOOD GULCH TRAIL"
940,941,"Trail","DRY GULCH TRAIL","SHERIDAN BLVD","LAKEWOOD GULCH TRAIL"
941,942,"Trail","DRY GULCH TRAIL","SHERIDAN BLVD","LAKEWOOD GULCH TRAIL"
942,697,"Trail","DRY GULCH TRAIL","SHERIDAN BLVD","LAKEWOOD GULCH TRAIL"
811,943,"Shared Roadway","E 20TH AVE","N WASHINGTON ST/PARK AVE/PARK AVE W","N GRANT ST"
943,944,"Shared Roadway","E 20TH AVE","N WASHINGTON ST/PARK AVE/PARK AVE W","N GRANT ST"
944,945,"Shared Roadway","E 20TH AVE","N WASHINGTON ST/PARK AVE/PARK AVE W","N GRANT ST"
945,946,"Shared Roadway","E 20TH AVE","N DOWNING ST","N WASHINGTON ST"
946,81,"Shared Roadway","E 20TH AVE","N DOWNING ST","N WASHINGTON ST"
81,558,"Shared Roadway","E 20TH AVE","N DOWNING ST","N WASHINGTON ST"
947,948,"Bike Lane","N UINTA ST","E NORTHFIELD BLVD","E 56TH AVE"
948,885,"Bike Lane","N UINTA ST","E NORTHFIELD BLVD","E 56TH AVE"
885,949,"Bike Lane","N UINTA ST","E NORTHFIELD BLVD","E 56TH AVE"
949,950,"Bike Lane","N UINTA ST","E NORTHFIELD BLVD","E 56TH AVE"
951,952,"Neighborhood Bikeway","S KNOX CT","W ALAMEDA AVE","W OHIO AVE"
800,615,"Shared Use Path","N INCA ST","W 45TH AVE","MID N INCA ST"
615,953,"Shared Use Path","N INCA ST","W 45TH AVE","MID N INCA ST"
953,954,"Shared Use Path","N INCA ST","W 45TH AVE","MID N INCA ST"
954,955,"Shared Use Path","N INCA ST","W 45TH AVE","MID N INCA ST"
340,875,"Trail","SAND CREEK TRAIL","HAVANA ST","PEORIA ST"
875,956,"Trail","SAND CREEK TRAIL","HAVANA ST","PEORIA ST"
956,957,"Trail","SAND CREEK TRAIL","HAVANA ST","PEORIA ST"
957,336,"Trail","SAND CREEK TRAIL","HAVANA ST","PEORIA ST"
336,958,"Trail","SAND CREEK TRAIL","HAVANA ST","PEORIA ST"
958,959,"Trail","SAND CREEK TRAIL","HAVANA ST","PEORIA ST"
625,601,"Trail","SOUTH PLATTE RIVER TRAIL","38TH ST","FRANKLIN ST"
601,960,"Trail","SOUTH PLATTE RIVER TRAIL","38TH ST","FRANKLIN ST"
960,961,"Trail","SOUTH PLATTE RIVER TRAIL","38TH ST","FRANKLIN ST"
961,962,"Trail","SOUTH PLATTE RIVER TRAIL","38TH ST","FRANKLIN ST"
962,963,"Trail","SOUTH PLATTE RIVER TRAIL","38TH ST","FRANKLIN ST"
963,964,"Trail","SOUTH PLATTE RIVER TRAIL","38TH ST","FRANKLIN ST"
964,965,"Trail","SOUTH PLATTE RIVER TRAIL","38TH ST","FRANKLIN ST"
965,99,"Trail","SOUTH PLATTE RIVER TRAIL","38TH ST","FRANKLIN ST"
99,966,"Trail","SOUTH PLATTE RIVER TRAIL","38TH ST","FRANKLIN ST"
966,529,"Trail","SOUTH PLATTE RIVER TRAIL","38TH ST","FRANKLIN ST"
529,527,"Trail","SOUTH PLATTE RIVER TRAIL","38TH ST","FRANKLIN ST"
527,967,"Trail","SOUTH PLATTE RIVER TRAIL","38TH ST","FRANKLIN ST"
967,124,"Trail","SOUTH PLATTE RIVER TRAIL","38TH ST","FRANKLIN ST"
124,968,"Trail","SOUTH PLATTE RIVER TRAIL","38TH ST","FRANKLIN ST"
968,21,"Trail","SOUTH PLATTE RIVER TRAIL","38TH ST","FRANKLIN ST"
21,969,"Trail","SOUTH PLATTE RIVER TRAIL","38TH ST","FRANKLIN ST"
969,970,"Trail","SOUTH PLATTE RIVER TRAIL","38TH ST","FRANKLIN ST"
970,971,"Trail","SOUTH PLATTE RIVER TRAIL","38TH ST","FRANKLIN ST"
971,972,"Trail","SOUTH PLATTE RIVER TRAIL","38TH ST","FRANKLIN ST"
972,973,"Trail","SOUTH PLATTE RIVER TRAIL","38TH ST","FRANKLIN ST"
973,974,"Trail","SOUTH PLATTE RIVER TRAIL","38TH ST","FRANKLIN ST"
974,343,"Trail","SOUTH PLATTE RIVER TRAIL","38TH ST","FRANKLIN ST"
343,975,"Trail","SOUTH PLATTE RIVER TRAIL","38TH ST","FRANKLIN ST"
975,928,"Trail","SOUTH PLATTE RIVER TRAIL","38TH ST","FRANKLIN ST"
928,976,"Trail","SOUTH PLATTE RIVER TRAIL","38TH ST","FRANKLIN ST"
976,977,"Trail","SOUTH PLATTE RIVER TRAIL","38TH ST","FRANKLIN ST"
977,708,"Trail","SOUTH PLATTE RIVER TRAIL","38TH ST","FRANKLIN ST"
708,346,"Trail","SOUTH PLATTE RIVER TRAIL","38TH ST","FRANKLIN ST"
346,978,"Trail","SOUTH PLATTE RIVER TRAIL","38TH ST","FRANKLIN ST"
978,979,"Trail","SOUTH PLATTE RIVER TRAIL","38TH ST","FRANKLIN ST"
979,980,"Trail","SOUTH PLATTE RIVER TRAIL","38TH ST","FRANKLIN ST"
980,981,"Trail","SOUTH PLATTE RIVER TRAIL","38TH ST","FRANKLIN ST"
981,982,"Trail","SOUTH PLATTE RIVER TRAIL","38TH ST","FRANKLIN ST"
982,498,"Trail","SOUTH PLATTE RIVER TRAIL","38TH ST","FRANKLIN ST"
498,983,"Trail","SOUTH PLATTE RIVER TRAIL","38TH ST","FRANKLIN ST"
983,799,"Trail","SOUTH PLATTE RIVER TRAIL","38TH ST","FRANKLIN ST"
799,984,"Trail","SOUTH PLATTE RIVER TRAIL","38TH ST","FRANKLIN ST"
984,345,"Trail","SOUTH PLATTE RIVER TRAIL","38TH ST","FRANKLIN ST"
345,985,"Trail","SOUTH PLATTE RIVER TRAIL","38TH ST","FRANKLIN ST"
985,986,"Trail","SOUTH PLATTE RIVER TRAIL","38TH ST","FRANKLIN ST"
986,987,"Trail","SOUTH PLATTE RIVER TRAIL","38TH ST","FRANKLIN ST"
987,988,"Trail","SOUTH PLATTE RIVER TRAIL","38TH ST","FRANKLIN ST"
988,989,"Trail","SOUTH PLATTE RIVER TRAIL","38TH ST","FRANKLIN ST"
989,990,"Trail","SOUTH PLATTE RIVER TRAIL","38TH ST","FRANKLIN ST"
990,991,"Trail","SOUTH PLATTE RIVER TRAIL","38TH ST","FRANKLIN ST"
991,992,"Trail","SOUTH PLATTE RIVER TRAIL","38TH ST","FRANKLIN ST"
992,993,"Trail","SOUTH PLATTE RIVER TRAIL","38TH ST","FRANKLIN ST"
994,804,"Shared Roadway","N GRANT ST","E 19TH AVE","E 18TH AVE"
995,860,"Bike Lane","E 25TH AVE","N CLARKSON ST","N LAFAYETTE ST"
996,172,"Neighborhood Bikeway","W 35TH AVE","N SHERIDAN BLVD","CUERNAVACA PARK OFF-STREET CONNECTOR"
172,633,"Neighborhood Bikeway","W 35TH AVE","N SHERIDAN BLVD","CUERNAVACA PARK OFF-STREET CONNECTOR"
633,997,"Neighborhood Bikeway","W 35TH AVE","N SHERIDAN BLVD","CUERNAVACA PARK OFF-STREET CONNECTOR"
997,998,"Neighborhood Bikeway","W 35TH AVE","N SHERIDAN BLVD","CUERNAVACA PARK OFF-STREET CONNECTOR"
998,549,"Neighborhood Bikeway","W 35TH AVE","N SHERIDAN BLVD","CUERNAVACA PARK OFF-STREET CONNECTOR"
549,999,"Neighborhood Bikeway","W 35TH AVE","N SHERIDAN BLVD","CUERNAVACA PARK OFF-STREET CONNECTOR"
999,22,"Neighborhood Bikeway","W 35TH AVE","N SHERIDAN BLVD","CUERNAVACA PARK OFF-STREET CONNECTOR"
22,1000,"Neighborhood Bikeway","W 35TH AVE","N SHERIDAN BLVD","CUERNAVACA PARK OFF-STREET CONNECTOR"
1000,254,"Neighborhood Bikeway","W 35TH AVE","N SHERIDAN BLVD","CUERNAVACA PARK OFF-STREET CONNECTOR"
254,300,"Neighborhood Bikeway","W 35TH AVE","N SHERIDAN BLVD","CUERNAVACA PARK OFF-STREET CONNECTOR"
300,1001,"Neighborhood Bikeway","W 35TH AVE","N SHERIDAN BLVD","CUERNAVACA PARK OFF-STREET CONNECTOR"
1001,1002,"Neighborhood Bikeway","W 35TH AVE","N SHERIDAN BLVD","CUERNAVACA PARK OFF-STREET CONNECTOR"
1002,570,"Neighborhood Bikeway","W 35TH AVE","N SHERIDAN BLVD","CUERNAVACA PARK OFF-STREET CONNECTOR"
570,1003,"Neighborhood Bikeway","W 35TH AVE","N SHERIDAN BLVD","CUERNAVACA PARK OFF-STREET CONNECTOR"
1003,802,"Neighborhood Bikeway","W 35TH AVE","N SHERIDAN BLVD","CUERNAVACA PARK OFF-STREET CONNECTOR"
264,1004,"Bike Lane","S CHEROKEE ST","W ALAMEDA AVE","W VIRGINIA AVE"
932,1005,"Bike Lane","N WILLIAMS ST","E 40TH AVE","E 31ST AVE"
1005,399,"Bike Lane","N WILLIAMS ST","E 40TH AVE","E 31ST AVE"
399,1006,"Bike Lane","N WILLIAMS ST","E 40TH AVE","E 31ST AVE"
1006,1007,"Bike Lane","N WILLIAMS ST","E 40TH AVE","E 31ST AVE"
407,266,"Bike Lane","E MANSFIELD AVE","S MONACO STREET PKWY","S QUINCE ST"
1008,402,"Buffered Bike Lane","E DARTMOUTH AVE","S UNIVERSITY BLVD","S COLORADO BLVD"
1009,1010,"Buffered Bike Lane","W JEWELL AVE","S IRVING ST","S LIPAN ST"
1010,561,"Buffered Bike Lane","W JEWELL AVE","S IRVING ST","S LIPAN ST"
892,830,"Bike Lane","N BRYANT ST","W 7TH AVE","W 6TH AVE"
830,1011,"Bike Lane","W 7TH AVE","N CANOSA CT","N BRYANT ST"
53,216,"Buffered Bike Lane","E 7TH AVENUE PKWY","N WILLIAMS ST","N COLORADO BLVD"
216,628,"Buffered Bike Lane","E 7TH AVENUE PKWY","N WILLIAMS ST","N COLORADO BLVD"
628,1012,"Buffered Bike Lane","E 7TH AVENUE PKWY","N WILLIAMS ST","N COLORADO BLVD"
1012,1013,"Buffered Bike Lane","E 7TH AVENUE PKWY","N WILLIAMS ST","N COLORADO BLVD"
53,1014,"Buffered Bike Lane","E 7TH AVENUE PKWY","N WILLIAMS ST","N COLORADO BLVD"
1014,216,"Buffered Bike Lane","E 7TH AVENUE PKWY","N WILLIAMS ST","N COLORADO BLVD"
911,946,"Bike Lane","N CLARKSON ST","E 20TH AVE","PARK AVE"
1015,1016,"Bike Lane","N QUIVAS ST","W ELK PL","W 46TH AVE"
766,242,"Protected Bike Lane","W 13TH AVE","N MARIPOSA ST","N LINCOLN ST"
242,284,"Protected Bike Lane","W 13TH AVE","N MARIPOSA ST","N LINCOLN ST"
284,1017,"Protected Bike Lane","W 13TH AVE","N MARIPOSA ST","N LINCOLN ST"
910,864,"Buffered Bike Lane","E MARTIN LUTHER KING BLVD","N ELIZABETH ST","N LAFAYETTE ST"
864,1005,"Buffered Bike Lane","E MARTIN LUTHER KING BLVD","N ELIZABETH ST","N LAFAYETTE ST"
1018,350,"Shared Roadway","E VIRGINIA AVE","S NIAGARA ST","S QUEBEC ST"
1019,1018,"Neighborhood Bikeway","S NIAGARA ST","E ALAMEDA AVE","E VIRGINIA AVE"
842,1020,"Shared Use Path","E 39TH AVE","N STEELE ST","N JACKSON ST"
1020,803,"Shared Use Path","E 39TH AVE","N STEELE ST","N JACKSON ST"
1021,1022,"Trail","SAND CREEK TRAIL","HAVANA ST","PEORIA ST"
1022,1023,"Trail","SAND CREEK TRAIL","HAVANA ST","PEORIA ST"
842,1024,"Trail","39TH AVE GREENWAY","N FRANKLIN ST","N STEELE ST"
1024,1025,"Trail","39TH AVE GREENWAY","N FRANKLIN ST","N STEELE ST"
1025,1026,"Trail","39TH AVE GREENWAY","N FRANKLIN ST","N STEELE ST"
1026,1027,"Trail","39TH AVE GREENWAY","N FRANKLIN ST","N STEELE ST"
1027,1028,"Trail","39TH AVE GREENWAY","N FRANKLIN ST","N STEELE ST"
1028,1029,"Trail","39TH AVE GREENWAY","N FRANKLIN ST","N STEELE ST"
1029,1030,"Trail","39TH AVE GREENWAY","N FRANKLIN ST","N STEELE ST"
1030,1031,"Trail","39TH AVE GREENWAY","N FRANKLIN ST","N STEELE ST"
1031,1032,"Trail","39TH AVE GREENWAY","N FRANKLIN ST","N STEELE ST"
1032,1006,"Trail","39TH AVE GREENWAY","N FRANKLIN ST","N STEELE ST"
1006,116,"Trail","39TH AVE GREENWAY","N FRANKLIN ST","N STEELE ST"
679,1033,"Buffered Bike Lane","STOUT ST","26TH ST","32ND ST/STOUT ST/E 31ST AVE"
814,1034,"Buffered Bike Lane","E JEWELL AVE","S CHERRY ST","S ONEIDA ST"
1034,1035,"Buffered Bike Lane","E JEWELL AVE","S CHERRY ST","S ONEIDA ST"
1035,722,"Buffered Bike Lane","E JEWELL AVE","S CHERRY ST","S ONEIDA ST"
286,1036,"Buffered Bike Lane","WELTON ST","15TH ST","17TH ST"
634,441,"Bike Lane","S VALENTIA ST","E FAIRMOUNT DR","E MISSISSIPPI AVE"
441,1037,"Bike Lane","S VALENTIA ST","E FAIRMOUNT DR","E MISSISSIPPI AVE"
1037,1038,"Bike Lane","S VALENTIA ST","E FAIRMOUNT DR","E MISSISSIPPI AVE"
1038,1039,"Bike Lane","S VALENTIA ST","E FAIRMOUNT DR","E MISSISSIPPI AVE"
1040,1041,"Neighborhood Bikeway","W BYRON PL","N SHERIDAN BLVD","N VRAIN ST"
1041,1042,"Neighborhood Bikeway","W BYRON PL","N SHERIDAN BLVD","N VRAIN ST"
1042,1043,"Neighborhood Bikeway","W BYRON PL","N SHERIDAN BLVD","N VRAIN ST"
1043,834,"Neighborhood Bikeway","W BYRON PL","N SHERIDAN BLVD","N VRAIN ST"
548,1044,"Buffered Bike Lane","W 46TH AVE","N PECOS ST","N NAVAJO ST"
118,1045,"Buffered Bike Lane","W KENTUCKY AVE","S SHERIDAN BLVD","S VALLEJO ST"
1045,1046,"Buffered Bike Lane","W KENTUCKY AVE","S SHERIDAN BLVD","S VALLEJO ST"
1046,562,"Buffered Bike Lane","W KENTUCKY AVE","S SHERIDAN BLVD","S VALLEJO ST"
562,844,"Buffered Bike Lane","W KENTUCKY AVE","S SHERIDAN BLVD","S VALLEJO ST"
844,422,"Buffered Bike Lane","W KENTUCKY AVE","S SHERIDAN BLVD","S VALLEJO ST"
422,1047,"Buffered Bike Lane","W KENTUCKY AVE","S SHERIDAN BLVD","S VALLEJO ST"
677,809,"Protected Bike Lane","15TH ST","CLEVELAND PL","LARIMER ST"
809,1048,"Protected Bike Lane","15TH ST","CLEVELAND PL","LARIMER ST"
1048,232,"Protected Bike Lane","15TH ST","CLEVELAND PL","LARIMER ST"
232,1049,"Protected Bike Lane","15TH ST","CLEVELAND PL","LARIMER ST"
1049,30,"Protected Bike Lane","15TH ST","CLEVELAND PL","LARIMER ST"
30,286,"Protected Bike Lane","15TH ST","CLEVELAND PL","LARIMER ST"
410,424,"Bike Lane","WELTON ST","W COLFAX AVE","19TH ST"
1050,1051,"Shared Roadway","S ZUNI ST","W KENTUCKY AVE","W DARTMOUTH AVE"
1051,149,"Shared Roadway","S ZUNI ST","W KENTUCKY AVE","W DARTMOUTH AVE"
149,1010,"Shared Roadway","S ZUNI ST","W KENTUCKY AVE","W DARTMOUTH AVE"
674,175,"Bike Lane","W 50TH AVE","N TENNYSON ST","N LOWELL BLVD"
1052,1053,"Buffered Bike Lane","N ZUNI ST","W 50TH AVE","W 46TH AVE"
1053,420,"Buffered Bike Lane","N ZUNI ST","W 50TH AVE","W 46TH AVE"
420,1054,"Neighborhood Bikeway","N ZUNI ST","W 52ND AVE","W 50TH AVE"
1044,1015,"Bike Lane","W 46TH AVE","FEDERAL BLVD","N PECOS ST"
1015,23,"Bike Lane","W 46TH AVE","FEDERAL BLVD","N PECOS ST"
23,1052,"Bike Lane","W 46TH AVE","FEDERAL BLVD","N PECOS ST"
1052,551,"Bike Lane","W 46TH AVE","FEDERAL BLVD","N PECOS ST"
551,1055,"Bike Lane","W 46TH AVE","FEDERAL BLVD","N PECOS ST"
1010,626,"Buffered Bike Lane","S ZUNI ST","W JEWELL AVE","W DARTMOUTH AVE"
954,1056,"Neighborhood Bikeway","W 44TH AVE","N INCA ST","N LIPAN ST"
1056,1057,"Neighborhood Bikeway","W 44TH AVE","N INCA ST","N LIPAN ST"
914,1058,"Buffered Bike Lane","E 51ST AVE","N CENTRAL PARK BLVD","N HAVANA ST"
1058,906,"Buffered Bike Lane","E 51ST AVE","N CENTRAL PARK BLVD","N HAVANA ST"
906,1059,"Buffered Bike Lane","E 51ST AVE","N CENTRAL PARK BLVD","N HAVANA ST"
1059,1060,"Buffered Bike Lane","E 51ST AVE","N CENTRAL PARK BLVD","N HAVANA ST"
663,3,NA,NA,NA,NA
12,307,NA,NA,NA,NA
13,226,NA,NA,NA,NA
555,14,NA,NA,NA,NA
15,784,NA,NA,NA,NA
21,916,NA,NA,NA,NA
191,22,NA,NA,NA,NA
22,23,NA,NA,NA,NA
25,575,NA,NA,NA,NA
140,14,NA,NA,NA,NA
1,574,NA,NA,NA,NA
648,36,NA,NA,NA,NA
428,56,NA,NA,NA,NA
56,214,NA,NA,NA,NA
35,60,NA,NA,NA,NA
66,64,NA,NA,NA,NA
559,69,NA,NA,NA,NA
70,538,NA,NA,NA,NA
75,1018,NA,NA,NA,NA
402,76,NA,NA,NA,NA
558,664,NA,NA,NA,NA
80,813,NA,NA,NA,NA
93,842,NA,NA,NA,NA
219,96,NA,NA,NA,NA
554,569,NA,NA,NA,NA
111,100,NA,NA,NA,NA
61,806,NA,NA,NA,NA
374,102,NA,NA,NA,NA
543,13,NA,NA,NA,NA
112,147,NA,NA,NA,NA
258,113,NA,NA,NA,NA
864,115,NA,NA,NA,NA
124,527,NA,NA,NA,NA
163,214,NA,NA,NA,NA
273,68,NA,NA,NA,NA
68,422,NA,NA,NA,NA
419,132,NA,NA,NA,NA
413,141,NA,NA,NA,NA
145,612,NA,NA,NA,NA
158,767,NA,NA,NA,NA
832,178,NA,NA,NA,NA
180,489,NA,NA,NA,NA
232,198,NA,NA,NA,NA
235,202,NA,NA,NA,NA
229,210,NA,NA,NA,NA
358,563,NA,NA,NA,NA
722,215,NA,NA,NA,NA
488,371,NA,NA,NA,NA
73,252,NA,NA,NA,NA
161,89,NA,NA,NA,NA
844,151,NA,NA,NA,NA
151,752,NA,NA,NA,NA
669,249,NA,NA,NA,NA
13,845,NA,NA,NA,NA
803,737,NA,NA,NA,NA
811,221,NA,NA,NA,NA
147,261,NA,NA,NA,NA
262,297,NA,NA,NA,NA
10,545,NA,NA,NA,NA
354,268,NA,NA,NA,NA
270,852,NA,NA,NA,NA
833,274,NA,NA,NA,NA
678,280,NA,NA,NA,NA
489,282,NA,NA,NA,NA
297,835,NA,NA,NA,NA
302,300,NA,NA,NA,NA
301,548,NA,NA,NA,NA
191,302,NA,NA,NA,NA
305,832,NA,NA,NA,NA
259,306,NA,NA,NA,NA
808,317,NA,NA,NA,NA
751,163,NA,NA,NA,NA
626,623,NA,NA,NA,NA
263,390,NA,NA,NA,NA
215,127,NA,NA,NA,NA
359,826,NA,NA,NA,NA
527,64,NA,NA,NA,NA
362,786,NA,NA,NA,NA
364,362,NA,NA,NA,NA
628,363,NA,NA,NA,NA
730,365,NA,NA,NA,NA
842,369,NA,NA,NA,NA
25,624,NA,NA,NA,NA
814,377,NA,NA,NA,NA
524,386,NA,NA,NA,NA
569,266,NA,NA,NA,NA
401,754,NA,NA,NA,NA
156,17,NA,NA,NA,NA
404,27,NA,NA,NA,NA
131,126,NA,NA,NA,NA
752,375,NA,NA,NA,NA
411,433,NA,NA,NA,NA
662,414,NA,NA,NA,NA
1055,418,NA,NA,NA,NA
426,759,NA,NA,NA,NA
280,861,NA,NA,NA,NA
536,32,NA,NA,NA,NA
798,438,NA,NA,NA,NA
533,865,NA,NA,NA,NA
544,815,NA,NA,NA,NA
613,264,NA,NA,NA,NA
720,549,NA,NA,NA,NA
805,558,NA,NA,NA,NA
214,731,NA,NA,NA,NA
565,814,NA,NA,NA,NA
606,751,NA,NA,NA,NA
538,397,NA,NA,NA,NA
952,416,NA,NA,NA,NA
230,436,NA,NA,NA,NA
541,577,NA,NA,NA,NA
158,580,NA,NA,NA,NA
398,1008,NA,NA,NA,NA
734,376,NA,NA,NA,NA
225,614,NA,NA,NA,NA
248,627,NA,NA,NA,NA
56,132,NA,NA,NA,NA
646,746,NA,NA,NA,NA
233,437,NA,NA,NA,NA
146,669,NA,NA,NA,NA
916,675,NA,NA,NA,NA
718,35,NA,NA,NA,NA
719,303,NA,NA,NA,NA
563,738,NA,NA,NA,NA
826,727,NA,NA,NA,NA
351,733,NA,NA,NA,NA
4,764,NA,NA,NA,NA
179,834,NA,NA,NA,NA
828,769,NA,NA,NA,NA
222,827,NA,NA,NA,NA
829,498,NA,NA,NA,NA
932,828,NA,NA,NA,NA
247,750,NA,NA,NA,NA
1005,769,NA,NA,NA,NA
236,547,NA,NA,NA,NA
31,578,NA,NA,NA,NA
861,933,NA,NA,NA,NA
937,932,NA,NA,NA,NA
1033,863,NA,NA,NA,NA
959,1021,NA,NA,NA,NA
266,784,NA,NA,NA,NA
1036,410,NA,NA,NA,NA
766,669,NA,NA,NA,NA
1057,548,NA,NA,NA,NA
