,tail,head,existing_f,fullname,fromname,toname
0,0,1,Shared Roadway,E 45TH AVE,N WASHINGTON ST,N BROADWAY/W 44TH AVE
1,3,4,Bike Lane,W 17TH AVE,W LAKESHORE DR/N NEWTON ST,N ZENOBIA ST
2,4,5,Bike Lane,W 17TH AVE,W LAKESHORE DR/N NEWTON ST,N ZENOBIA ST
3,5,6,Bike Lane,W 17TH AVE,W LAKESHORE DR/N NEWTON ST,N ZENOBIA ST
4,7,8,Bike Lane,S YOSEMITE ST,S YOSEMITE ST,PRIVATE RD
5,8,9,Bike Lane,S YOSEMITE ST,S YOSEMITE ST,PRIVATE RD
6,2,10,Shared Roadway,W 11TH AVE,N MARIPOSA ST,N OSAGE ST
7,15,16,Buffered Bike Lane,14TH ST,W COLFAX AVE/N BANNOCK ST,COURT PL
8,17,18,Shared Roadway,E PRINCETON AVE,S QUEBEC ST,E EASTMOOR DR
9,18,19,Shared Roadway,E PRINCETON AVE,S QUEBEC ST,E EASTMOOR DR
10,23,24,Buffered Bike Lane,E 47TH AVE,N GAYLORD ST,N BRIGHTON BLVD
11,25,26,Shared Roadway,CURTIS ST,STR,5TH ST
12,27,28,Bike Lane,GLENARM PL,W COLFAX AVE/N FOX ST/12TH ST,18TH ST
13,28,29,Bike Lane,GLENARM PL,W COLFAX AVE/N FOX ST/12TH ST,18TH ST
14,29,30,Bike Lane,GLENARM PL,W COLFAX AVE/N FOX ST/12TH ST,18TH ST
15,31,32,Bike Lane,E BUCHTEL BLVD,E BUCHTEL BLVD/E FLORIDA AVE,S FRANKLIN ST
16,32,33,Bike Lane,E BUCHTEL BLVD,E BUCHTEL BLVD/E FLORIDA AVE,S FRANKLIN ST
17,35,36,Bike Lane,N YOSEMITE ST,E 5TH PL,E 11TH AVE
18,36,37,Bike Lane,N YOSEMITE ST,E 5TH PL,E 11TH AVE
19,37,38,Bike Lane,N YOSEMITE ST,E 5TH PL,E 11TH AVE
20,38,39,Bike Lane,N YOSEMITE ST,E 5TH PL,E 11TH AVE
21,39,40,Bike Lane,N YOSEMITE ST,E 5TH PL,E 11TH AVE
22,41,42,Trail,STAPLETON GREENWAY TRAIL,QUEBEC ST,STAPLETON GREENWAY TRAIL
23,43,44,Trail,NORTH STAPLETON TRAIL,N CENTRAL PARK BLVD,NORTH STAPLETON TRAIL
24,44,45,Trail,NORTH STAPLETON TRAIL,N CENTRAL PARK BLVD,NORTH STAPLETON TRAIL
25,48,49,Shared Use Path,PLACE MIDDLE SCHOOL CONNECTOR,S QUEBEC ST,S ONEIDA ST
26,49,50,Shared Use Path,PLACE MIDDLE SCHOOL CONNECTOR,S QUEBEC ST,S ONEIDA ST
27,51,52,Shared Roadway,N WILLIAMS ST,CHEESMAN PARK 2/CHEESMAN PARK 5/E 8TH AVE,N WILLIAMS SPLIT/NM CHNG
28,52,53,Shared Roadway,N WILLIAMS ST,CHEESMAN PARK 2/CHEESMAN PARK 5/E 8TH AVE,N WILLIAMS SPLIT/NM CHNG
29,54,10,Shared Roadway,N OSAGE ST,W 10TH AVE/NMCHG,W 11TH AVE
30,56,57,Shared Roadway,E 3RD AVE,N GILPIN ST,N OGDEN ST
31,57,58,Shared Roadway,E 3RD AVE,N GILPIN ST,N OGDEN ST
32,60,61,Shared Roadway,34TH ST,N DOWNING ST,LARIMER ST
33,61,62,Shared Roadway,34TH ST,N DOWNING ST,LARIMER ST
34,63,64,Shared Roadway,S ZUNI ST,W CEDAR AVE,W OHIO AVE
35,66,67,Shared Roadway,W WALSH PL,W WALSH PL/S RALEIGH ST,MORRISON RD/S STUART ST
36,70,71,Shared Roadway,N DELAWARE ST,W 11TH AVE,W 12TH AVE
37,72,73,Shared Roadway,S KEARNEY ST,N SOUTHMOOR DR/S KEARNEY LN,E VIRGINIA AVE
38,73,74,Shared Roadway,S KEARNEY ST,N SOUTHMOOR DR/S KEARNEY LN,E VIRGINIA AVE
39,77,78,Shared Roadway,N BELO HORIZONTE PKWY,MEDIAN,N CLERMONT STREET PKWY/E 3RD AVE
40,80,81,Shared Roadway,N CLARKSON ST,E 20TH AVE,E 22ND AVE
41,82,65,Shared Roadway,W CEDAR AVE,S TEJON ST,S BRYANT ST
42,65,83,Shared Roadway,W CEDAR AVE,S TEJON ST,S BRYANT ST
43,84,85,Shared Roadway,PARK AVE W,N GLOBEVILLE RD,N FOX ST/INTERSTATE 25/STR
44,85,86,Shared Roadway,PARK AVE W,N GLOBEVILLE RD,N FOX ST/INTERSTATE 25/STR
45,86,87,Shared Roadway,PARK AVE W,N GLOBEVILLE RD,N FOX ST/INTERSTATE 25/STR
46,89,90,Shared Roadway,N STEELE ST,E 37TH AVE,E 26TH AVENUE PKWY
47,90,91,Shared Roadway,N STEELE ST,E 37TH AVE,E 26TH AVENUE PKWY
48,91,92,Shared Roadway,N STEELE ST,E 37TH AVE,E 26TH AVENUE PKWY
49,58,93,Shared Roadway,N GILPIN ST,E 3RD AVE,E 4TH AVE
50,94,23,Shared Roadway,E 47TH AVE,N BRIGHTON BLVD,N HUMBOLDT ST
51,95,96,Shared Roadway,N STEELE ST,DENVER ZOO RD/E 17TH AVE,E COLFAX AVE
52,97,98,Shared Roadway,S HURON ST,W LOUISIANA AVE,S PLATTE RIVER DR
53,99,100,Shared Roadway,N EUDORA WAY,N ELM ST,E 39TH AVE
54,102,103,Shared Roadway,N PENNSYLVANIA ST,E 3RD AVE,E BAYAUD AVE
55,103,104,Shared Roadway,N PENNSYLVANIA ST,E 3RD AVE,E BAYAUD AVE
56,105,106,Shared Roadway,N DAHLIA ST,E 35TH AVE,E MONTVIEW BLVD
57,106,107,Shared Roadway,N DAHLIA ST,E 35TH AVE,E MONTVIEW BLVD
58,107,108,Shared Roadway,N DAHLIA ST,E 35TH AVE,E MONTVIEW BLVD
59,108,109,Shared Roadway,N DAHLIA ST,E 35TH AVE,E MONTVIEW BLVD
60,109,110,Shared Roadway,N DAHLIA ST,E 35TH AVE,E MONTVIEW BLVD
61,112,61,Shared Roadway,LAWRENCE ST,35TH ST,24TH ST
62,61,113,Shared Roadway,LAWRENCE ST,35TH ST,24TH ST
63,114,115,Shared Roadway,N FRANKLIN ST,E 40TH AVE/WALNUT ST,E BRUCE RANDOLPH AVE
64,115,116,Shared Roadway,N FRANKLIN ST,E 40TH AVE/WALNUT ST,E BRUCE RANDOLPH AVE
65,117,101,Shared Roadway,S VALLEJO ST,W KENTUCKY AVE,W TENNESSEE AVE
66,118,119,Shared Roadway,S LOWELL BLVD,S MABRY WAY,W FLOYD AVE
67,120,121,Shared Roadway,N KRAMERIA ST,E 28TH AVE,E 29TH AVE
68,121,122,Shared Roadway,N KRAMERIA ST,E 28TH AVE,E 29TH AVE
69,93,51,Shared Roadway,N WILLIAMS ST,E 4TH AVE,MEDIAN END
70,124,125,Buffered Bike Lane,S TAMARAC DR,PRIVATE RD,E GIRARD AVE
71,126,127,Buffered Bike Lane,S TAMARAC DR,PRIVATE RD,E GIRARD AVE
72,127,128,Buffered Bike Lane,S TAMARAC DR,PRIVATE RD,E GIRARD AVE
73,128,129,Buffered Bike Lane,S TAMARAC DR,PRIVATE RD,E GIRARD AVE
74,129,130,Buffered Bike Lane,S TAMARAC DR,PRIVATE RD,E GIRARD AVE
75,130,124,Buffered Bike Lane,S TAMARAC DR,PRIVATE RD,E GIRARD AVE
76,131,132,Buffered Bike Lane,E YALE AVE,S JACKSON ST,S JOSEPHINE ST/PRIVATE RD
77,132,133,Buffered Bike Lane,E YALE AVE,S JACKSON ST,S JOSEPHINE ST/PRIVATE RD
78,134,135,Bike Lane,N WASHINGTON ST,E SPEER BLVD,E ARIZONA AVE
79,135,136,Bike Lane,N WASHINGTON ST,E SPEER BLVD,E ARIZONA AVE
80,136,137,Bike Lane,N WASHINGTON ST,E SPEER BLVD,E ARIZONA AVE
81,137,138,Bike Lane,N WASHINGTON ST,E SPEER BLVD,E ARIZONA AVE
82,138,139,Bike Lane,N WASHINGTON ST,E SPEER BLVD,E ARIZONA AVE
83,140,141,Bike Lane,W DARTMOUTH AVE,S GOLDEN WAY,S WEBSTER ST
84,142,143,Shared Roadway,N KEARNEY ST,E 16TH AVE,E 17TH AVENUE PKWY
85,145,146,Shared Roadway,5TH ST,AURARIA PKWY/STR,W COLFAX AVE
86,98,147,Bike Lane,W FLORIDA AVE,STR,S SHERIDAN BLVD
87,147,148,Bike Lane,W FLORIDA AVE,STR,S SHERIDAN BLVD
88,148,149,Bike Lane,W FLORIDA AVE,STR,S SHERIDAN BLVD
89,149,150,Bike Lane,W FLORIDA AVE,STR,S SHERIDAN BLVD
90,150,151,Bike Lane,W FLORIDA AVE,STR,S SHERIDAN BLVD
91,151,152,Bike Lane,W FLORIDA AVE,STR,S SHERIDAN BLVD
92,153,154,Protected Bike Lane,W 14TH AVE,N SPEER BLVD,W 14 AVENUE PKWY
93,154,155,Protected Bike Lane,W 14TH AVE,N SPEER BLVD,W 14 AVENUE PKWY
94,155,156,Protected Bike Lane,W 14TH AVE,N SPEER BLVD,W 14 AVENUE PKWY
95,156,157,Protected Bike Lane,W 14TH AVE,N SPEER BLVD,W 14 AVENUE PKWY
96,158,159,Shared Roadway,N FRANKLIN ST,E 21ST AVE,E 12TH AVE
97,159,160,Shared Roadway,N FRANKLIN ST,E 21ST AVE,E 12TH AVE
98,161,162,Buffered Bike Lane,E BUCHTEL BLVD,S COLORADO BLVD/E COLORADO CENTER DR,S UNIVERSITY BLVD
99,163,164,Buffered Bike Lane,E MARTIN LUTHER KING JR BLVD,N ROSLYN WAY/N ROSLYN ST,N CENTRAL BLVD
100,164,165,Buffered Bike Lane,E MARTIN LUTHER KING JR BLVD,N ROSLYN WAY/N ROSLYN ST,N CENTRAL BLVD
101,165,166,Buffered Bike Lane,E MARTIN LUTHER KING JR BLVD,N ROSLYN WAY/N ROSLYN ST,N CENTRAL BLVD
102,166,167,Buffered Bike Lane,E MARTIN LUTHER KING JR BLVD,N ROSLYN WAY/N ROSLYN ST,N CENTRAL BLVD
103,167,168,Buffered Bike Lane,E MARTIN LUTHER KING JR BLVD,N ROSLYN WAY/N ROSLYN ST,N CENTRAL BLVD
104,169,170,Shared Roadway,N TENNYSON ST,W 52ND AVE,W 26TH AVE
105,170,171,Shared Roadway,N TENNYSON ST,W 52ND AVE,W 26TH AVE
106,171,172,Shared Roadway,N TENNYSON ST,W 52ND AVE,W 26TH AVE
107,172,173,Shared Roadway,N TENNYSON ST,W 52ND AVE,W 26TH AVE
108,173,174,Shared Roadway,N TENNYSON ST,W 52ND AVE,W 26TH AVE
109,174,175,Shared Roadway,N TENNYSON ST,W 52ND AVE,W 26TH AVE
110,175,176,Shared Roadway,N TENNYSON ST,W 52ND AVE,W 26TH AVE
111,177,178,Shared Roadway,W 23RD AVE,N LOWELL BLVD,N STUART ST
112,180,181,Bike Lane,E 35TH AVE,N BOSTON ST,N TRENTON ST
113,181,182,Bike Lane,E 35TH AVE,N BOSTON ST,N TRENTON ST
114,182,183,Bike Lane,E 35TH AVE,N BOSTON ST,N TRENTON ST
115,183,184,Bike Lane,E 35TH AVE,N BOSTON ST,N TRENTON ST
116,184,185,Bike Lane,E 35TH AVE,N BOSTON ST,N TRENTON ST
117,185,186,Bike Lane,E 35TH AVE,N BOSTON ST,N TRENTON ST
118,186,187,Bike Lane,E 35TH AVE,N BOSTON ST,N TRENTON ST
119,187,188,Bike Lane,E 35TH AVE,N BOSTON ST,N TRENTON ST
120,188,189,Bike Lane,E 35TH AVE,N BOSTON ST,N TRENTON ST
121,191,192,Bike Lane,E 23RD AVE,CITY PARK RD,MEDIAN
122,192,193,Bike Lane,E 23RD AVE,CITY PARK RD,MEDIAN
123,193,194,Bike Lane,E 23RD AVE,CITY PARK RD,MEDIAN
124,194,195,Bike Lane,E 23RD AVE,CITY PARK RD,MEDIAN
125,129,196,Bike Lane,E DARTMOUTH AVE,E CORNELL DR/S XENIA ST/S WILDING CT,S TAMARAC DR
126,198,199,Bike Lane,CITY PARK ESPLANADE,E 16TH AVE,E 17TH AVE
127,201,202,Shared Use Path,E ALAMEDA AVE,S GALENA WAY/COLI,E FAIRMOUNT DR
128,202,203,Shared Use Path,E ALAMEDA AVE,S GALENA WAY/COLI,E FAIRMOUNT DR
129,204,205,Shared Use Path,E 1ST AVE/N STEELE ST,E 1ST AVE,E BAYAUD AVE/E CHERRY CREEK NORTH DR
130,205,206,Shared Use Path,E 1ST AVE/N STEELE ST,E 1ST AVE,E BAYAUD AVE/E CHERRY CREEK NORTH DR
131,206,207,Shared Use Path,E 1ST AVE/N STEELE ST,E 1ST AVE,E BAYAUD AVE/E CHERRY CREEK NORTH DR
132,207,208,Shared Use Path,E 1ST AVE/N STEELE ST,E 1ST AVE,E BAYAUD AVE/E CHERRY CREEK NORTH DR
133,209,84,Shared Use Path,PARK AVE W,WALNUT ST/MARKET ST,N GLOBEVILLE RD
134,210,211,Shared Roadway,N PONTIAC ST,E MARTIN LUTHER KING BLVD,E 26TH AVE
135,211,212,Shared Roadway,N PONTIAC ST,E MARTIN LUTHER KING BLVD,E 26TH AVE
136,215,216,Shared Roadway,N SAINT PAUL ST,E COLFAX AVE,E 7TH AVE PWKY
137,216,217,Shared Roadway,N SAINT PAUL ST,E COLFAX AVE,E 7TH AVE PWKY
138,217,218,Shared Roadway,N SAINT PAUL ST,E COLFAX AVE,E 7TH AVE PWKY
139,219,17,Buffered Bike Lane,E EASTMOOR DR,E QUINCY AVE/S QUEBEC ST,S ONEIDA ST
140,220,221,Shared Roadway,N BROADWAY,21ST ST,CHAMPA ST
141,222,223,Shared Roadway,E 22ND AVE,N VINE ST,N GAYLORD ST
142,53,224,Shared Roadway,CHEESMAN PARK 5,CHEESMAN PARK 2/E 8TH AVE/N WILLIAMS ST,CHEESMAN PARK 3
143,225,226,Shared Roadway,N KRAMERIA ST,E MONTVIEW BLVD,E 16TH AVE
144,227,228,Shared Roadway,MARKET ST,19TH ST,W PARK AVE
145,204,215,Shared Roadway,N SAINT PAUL ST,E 7TH AVENUE PKWY,E 1ST AVE
146,229,230,Shared Roadway,15TH ST,WYNKOOP ST,WEWATTA ST/RRX
147,233,234,Shared Roadway,S MONACO STREET PKWY,E CEDAR AVE,E ALAMEDA AVE
148,235,236,Shared Roadway,N ADAMS ST,E COLFAX AVE,E 12TH AVE
149,236,237,Shared Roadway,N ADAMS ST,E COLFAX AVE,E 12TH AVE
150,238,239,Shared Roadway,N CHEROKEE ST,W 13TH AVE,W 10TH AVE
151,239,240,Shared Roadway,N CHEROKEE ST,W 13TH AVE,W 10TH AVE
152,240,241,Shared Roadway,N CHEROKEE ST,W 13TH AVE,W 10TH AVE
153,48,242,Shared Roadway,E FLORIDA AVE,S ULSTER ST,S QUEBEC ST
154,242,243,Shared Roadway,E FLORIDA AVE,S ULSTER ST,S QUEBEC ST
155,244,245,Shared Roadway,W BYERS PL,S LIPAN ST,S TEJON ST
156,246,247,Shared Roadway,S BONNIE BRAE BLVD,S UNIVERSITY BLVD/E EXPOSITION AVE,S STEELE ST/E MISSISSIPPI AVE
157,248,249,Shared Roadway,MILE HIGH STADIUM WEST CIR,W 20TH AVE,MORRISON RD/N DECATUR ST
158,249,250,Shared Roadway,MILE HIGH STADIUM WEST CIR,W 20TH AVE,MORRISON RD/N DECATUR ST
159,252,253,Shared Roadway,N PECOS ST,W 35TH AVE,W 32ND AVE
160,220,255,Shared Roadway,21ST ST,E 20TH AVE,BLAKE ST
161,255,256,Shared Roadway,21ST ST,E 20TH AVE,BLAKE ST
162,256,257,Shared Roadway,21ST ST,E 20TH AVE,BLAKE ST
163,257,258,Shared Roadway,21ST ST,E 20TH AVE,BLAKE ST
164,258,228,Shared Roadway,21ST ST,E 20TH AVE,BLAKE ST
165,228,259,Shared Roadway,21ST ST,E 20TH AVE,BLAKE ST
166,53,261,Shared Roadway,CHEESMAN PARK 2,E 11TH AVE/NMCHG,E 8TH AVE
167,262,263,Shared Roadway,W ALASKA PL,S BANNOCK ST,S CHEROKEE ST/NMCHG
168,244,264,Shared Roadway,S LIPAN ST,W BYERS PL,W ALAMEDA AVE
169,265,266,Shared Roadway,S ONEIDA ST,S POPLAR ST/E MANSFIELD AVE,E PRINCETON AVE
170,268,269,Shared Roadway,WELTON ST,30TH ST,N DOWNING ST/E 29TH AVE
171,270,271,Shared Roadway,E 29TH AVE,N QUEBEC ST,E 29TH PL
172,273,274,Shared Use Path,AURARIA PKWY,14TH ST,7TH ST
173,274,275,Shared Use Path,AURARIA PKWY,14TH ST,7TH ST
174,275,260,Shared Use Path,AURARIA PKWY,14TH ST,7TH ST
175,276,277,Shared Use Path,N CENTRAL PARK BLVD,E 40TH AVE,E 37TH PL
176,277,278,Shared Use Path,N CENTRAL PARK BLVD,E 40TH AVE,E 37TH PL
177,279,280,Buffered Bike Lane,BOULDER ST,N UMATILLA ST/15TH ST/W 29TH AVE,16TH ST
178,281,282,Bike Lane,N BANNOCK ST,W 13TH AVE,W 9TH AVE
179,282,283,Bike Lane,N BANNOCK ST,W 13TH AVE,W 9TH AVE
180,284,107,Bike Lane,E 26TH AVE,N QUEBEC ST,N COLORADO BLVD
181,107,121,Bike Lane,E 26TH AVE,N QUEBEC ST,N COLORADO BLVD
182,121,210,Bike Lane,E 26TH AVE,N QUEBEC ST,N COLORADO BLVD
183,210,41,Bike Lane,E 26TH AVE,N QUEBEC ST,N COLORADO BLVD
184,285,286,Protected Bike Lane,15TH ST,WELTON ST,LARIMER ST
185,286,287,Protected Bike Lane,15TH ST,WELTON ST,LARIMER ST
186,287,288,Protected Bike Lane,15TH ST,WELTON ST,LARIMER ST
187,288,289,Protected Bike Lane,15TH ST,WELTON ST,LARIMER ST
188,289,290,Protected Bike Lane,15TH ST,WELTON ST,LARIMER ST
189,290,291,Protected Bike Lane,15TH ST,WELTON ST,LARIMER ST
190,291,292,Protected Bike Lane,15TH ST,WELTON ST,LARIMER ST
191,292,293,Protected Bike Lane,15TH ST,WELTON ST,LARIMER ST
192,293,294,Protected Bike Lane,15TH ST,WELTON ST,LARIMER ST
193,294,295,Protected Bike Lane,15TH ST,WELTON ST,LARIMER ST
194,158,296,Shared Roadway,E 12TH AVE,N CLAYTON ST,E FRANKLIN ST
195,297,71,Shared Roadway,E 12TH AVE,N SHERMAN ST,N SPEER BLVD
196,71,240,Shared Roadway,E 12TH AVE,N SHERMAN ST,N SPEER BLVD
197,240,282,Shared Roadway,E 12TH AVE,N SHERMAN ST,N SPEER BLVD
198,282,298,Shared Roadway,E 12TH AVE,N SHERMAN ST,N SPEER BLVD
199,299,300,Shared Roadway,N NAVAJO ST,W 44TH AVE,W 33RD AVE
200,154,15,Shared Use Path,N BANNOCK ST,W 14TH AVENUE PKWY/W 14TH AVE,W COLFAX AVE/14TH ST
201,283,154,Shared Roadway,N BANNOCK ST,W 13TH AVE,W 14TH AVENUE PKWY/W 14TH AVE
202,302,303,Shared Roadway,W 23RD AVE,N ELIOT ST,W 23RD AVE MID BLOCK
203,303,304,Shared Roadway,W 23RD AVE,N ELIOT ST,W 23RD AVE MID BLOCK
204,125,14,Bike Lane,S TAMARAC DR,E HAMPDEN AVE,E GIRARD AVE
205,249,3,Shared Roadway,W DICK CONNOR AVE/17TH AVE,MILE HIGH STADIUM WEST CIR,W LAKESHORE DR/N NEWTON ST
206,184,307,Bike Lane,E 35TH AVE,N TRENTON ST,N BOSTON ST
207,307,185,Bike Lane,E 35TH AVE,N TRENTON ST,N BOSTON ST
208,308,309,Bike Lane,E 23RD AVE,DENVER ZOO RD,N YORK ST
209,309,310,Bike Lane,E 23RD AVE,DENVER ZOO RD,N YORK ST
210,311,312,Bike Lane,TREMONT PL,15TH ST,13TH ST
211,312,231,Bike Lane,TREMONT PL,15TH ST,13TH ST
212,313,314,Bike Lane,E 29TH AVE,E 29TH PL/TRAF CIR,N BEELER ST
213,314,315,Bike Lane,E 29TH AVE,E 29TH PL/TRAF CIR,N BEELER ST
214,315,42,Bike Lane,E 29TH AVE,E 29TH PL/TRAF CIR,N BEELER ST
215,316,317,Bike Lane,N CENTRAL PARK BLVD,E 36TH AVE,E MONTVIEW BLVD/N YOSEMITE ST/COLI
216,317,314,Bike Lane,N CENTRAL PARK BLVD,E 36TH AVE,E MONTVIEW BLVD/N YOSEMITE ST/COLI
217,314,168,Bike Lane,N CENTRAL PARK BLVD,E 36TH AVE,E MONTVIEW BLVD/N YOSEMITE ST/COLI
218,168,318,Bike Lane,N CENTRAL PARK BLVD,E 36TH AVE,E MONTVIEW BLVD/N YOSEMITE ST/COLI
219,318,182,Bike Lane,N CENTRAL PARK BLVD,E 36TH AVE,E MONTVIEW BLVD/N YOSEMITE ST/COLI
220,182,319,Bike Lane,N CENTRAL PARK BLVD,E 36TH AVE,E MONTVIEW BLVD/N YOSEMITE ST/COLI
221,320,321,Bike Lane,E MONTVIEW BLVD,N CENTRAL PARK BLVD/N YOSEMITE ST/COLI,N COLORADO BLVD
222,321,322,Bike Lane,E MONTVIEW BLVD,N CENTRAL PARK BLVD/N YOSEMITE ST/COLI,N COLORADO BLVD
223,322,105,Bike Lane,E MONTVIEW BLVD,N CENTRAL PARK BLVD/N YOSEMITE ST/COLI,N COLORADO BLVD
224,105,226,Bike Lane,E MONTVIEW BLVD,N CENTRAL PARK BLVD/N YOSEMITE ST/COLI,N COLORADO BLVD
225,226,323,Bike Lane,E MONTVIEW BLVD,N CENTRAL PARK BLVD/N YOSEMITE ST/COLI,N COLORADO BLVD
226,323,316,Bike Lane,E MONTVIEW BLVD,N CENTRAL PARK BLVD/N YOSEMITE ST/COLI,N COLORADO BLVD
227,324,129,Trail,HAMPDEN HEIGHTS TRAIL,QUEBEC ST,CHERRY CREEK TRAIL
228,129,325,Trail,HAMPDEN HEIGHTS TRAIL,QUEBEC ST,CHERRY CREEK TRAIL
229,325,326,Trail,HAMPDEN HEIGHTS TRAIL,QUEBEC ST,CHERRY CREEK TRAIL
230,326,327,Trail,HAMPDEN HEIGHTS TRAIL,QUEBEC ST,CHERRY CREEK TRAIL
231,327,328,Trail,HAMPDEN HEIGHTS TRAIL,QUEBEC ST,CHERRY CREEK TRAIL
232,328,329,Trail,HAMPDEN HEIGHTS TRAIL,QUEBEC ST,CHERRY CREEK TRAIL
233,329,330,Trail,HAMPDEN HEIGHTS TRAIL,QUEBEC ST,CHERRY CREEK TRAIL
234,330,331,Trail,HAMPDEN HEIGHTS TRAIL,QUEBEC ST,CHERRY CREEK TRAIL
235,331,332,Trail,HAMPDEN HEIGHTS TRAIL,QUEBEC ST,CHERRY CREEK TRAIL
236,332,333,Trail,HAMPDEN HEIGHTS TRAIL,QUEBEC ST,CHERRY CREEK TRAIL
237,333,334,Trail,HAMPDEN HEIGHTS TRAIL,QUEBEC ST,CHERRY CREEK TRAIL
238,335,336,Trail,SAND CREEK TRAIL,CENTRAL PARK BLVD,HAVANA ST
239,336,337,Trail,SAND CREEK TRAIL,CENTRAL PARK BLVD,HAVANA ST
240,337,338,Trail,SAND CREEK TRAIL,CENTRAL PARK BLVD,HAVANA ST
241,338,339,Trail,SAND CREEK TRAIL,CENTRAL PARK BLVD,HAVANA ST
242,339,340,Trail,SAND CREEK TRAIL,CENTRAL PARK BLVD,HAVANA ST
243,340,277,Trail,SAND CREEK TRAIL,CENTRAL PARK BLVD,HAVANA ST
244,341,342,Trail,SOUTH PLATTE RIVER TRAIL CONNECTOR,SOUTH PLATTE RIVER TRAIL,W 7TH AVE
245,343,344,Shared Use Path,PARK AVE W,N GLOBEVILLE RD,BLAKE ST
246,344,84,Shared Use Path,PARK AVE W,N GLOBEVILLE RD,BLAKE ST
247,345,346,Shared Use Path,SOUTH PLATTE RIVER TRAIL,N SPEER BLVD UNDERPASS,MILE HIGH STADIUM CIR
248,346,47,Shared Use Path,SOUTH PLATTE RIVER TRAIL,N SPEER BLVD UNDERPASS,MILE HIGH STADIUM CIR
249,200,347,Shared Use Path,E LOWRY BLVD TRAF CIR,TRAF CIR/N UINTA WAY,N YOSEMITE WAY TRAF CIR
250,347,348,Shared Use Path,E LOWRY BLVD TRAF CIR,TRAF CIR/N UINTA WAY,N YOSEMITE WAY TRAF CIR
251,348,347,Shared Use Path,E LOWRY BLVD TRAF CIR,TRAF CIR/N UINTA WAY,N YOSEMITE WAY TRAF CIR
252,347,35,Shared Use Path,E LOWRY BLVD TRAF CIR,TRAF CIR/N UINTA WAY,N YOSEMITE WAY TRAF CIR
253,234,349,Shared Use Path,E ALAMEDA AVE,S MONACO STREET PKWY,E FAIRMOUNT DR
254,349,201,Shared Use Path,E ALAMEDA AVE,S MONACO STREET PKWY,E FAIRMOUNT DR
255,350,351,Shared Roadway,DENVER ZOO RD,DENVER ZOO RD,DENVER ZOO RD
256,351,352,Shared Roadway,DENVER ZOO RD,DENVER ZOO RD,DENVER ZOO RD
257,353,354,Shared Roadway,E TENNESSEE AVE,S PEARL ST,S LOGAN ST
258,354,355,Shared Roadway,E TENNESSEE AVE,S PEARL ST,S LOGAN ST
259,355,356,Shared Roadway,E TENNESSEE AVE,S PEARL ST,S LOGAN ST
260,359,360,Shared Roadway,E 47TH AVE,N KINGSTON ST,N DALLAS ST/E NORTHFIELD BLVD/NMCHG
261,360,358,Shared Roadway,E 47TH AVE,N KINGSTON ST,N DALLAS ST/E NORTHFIELD BLVD/NMCHG
262,362,363,Shared Roadway,E 7TH AVE,N DAHLIA ST,N COLORADO BLVD
263,364,365,Shared Roadway,N DAHLIA ST,E 52ND AVE/COLI,I-70 UNDERPASS
264,366,367,Shared Roadway,N YOSEMITE WAY,E YOSEMITE WAY,N YOSEMITE WAY/E 5TH AVE
265,320,369,Shared Roadway,DENVER ZOO RD,N COLORADO BLVD/E MONTVIEW BLVD,DENVER ZOO RD
266,370,371,Shared Roadway,E 7TH AVE,N WILLIAMS ST/E 7TH AVENUE PKWY,N LOGAN ST
267,371,52,Shared Roadway,E 7TH AVE,N WILLIAMS ST/E 7TH AVENUE PKWY,N LOGAN ST
268,372,7,Shared Roadway,S YOSEMITE ST,E YALE AVE/E CHERRY CREEK SOUTH DR,S SYRACUSE WAY
269,374,375,Shared Roadway,S LAMAR ST,W YALE AVE/COLI,W DARTMOUTH AVE
270,375,140,Shared Roadway,S LAMAR ST,W YALE AVE/COLI,W DARTMOUTH AVE
271,377,378,Shared Roadway,W 23RD AVE,N CLAY ST,N ELIOT ST
272,378,302,Shared Roadway,W 23RD AVE,N CLAY ST,N ELIOT ST
273,379,380,Buffered Bike Lane,S ULSTER ST,E QUINCY AVE,E BELLEVIEW AVE
274,381,382,Buffered Bike Lane,S ULSTER ST,E QUINCY AVE,E BELLEVIEW AVE
275,382,379,Buffered Bike Lane,S ULSTER ST,E QUINCY AVE,E BELLEVIEW AVE
276,381,383,Buffered Bike Lane,S ULSTER ST,E QUINCY AVE,E BELLEVIEW AVE
277,383,379,Buffered Bike Lane,S ULSTER ST,E QUINCY AVE,E BELLEVIEW AVE
278,384,381,Buffered Bike Lane,S ULSTER ST,E QUINCY AVE,E BELLEVIEW AVE
279,271,386,Shared Roadway,E 29TH AVE,E 29TH PL,E 29TH AVE
280,386,313,Shared Roadway,E 29TH AVE,E 29TH PL,E 29TH AVE
281,387,388,Shared Roadway,S QUEBEC ST,E MISSISSIPPI AVE,PRIVATE RD
282,389,390,Shared Roadway,E VIRGINIA AVE,S MARION STREET PKWY/DENVER PARK RD,S BANNOCK ST
283,390,137,Shared Roadway,E VIRGINIA AVE,S MARION STREET PKWY/DENVER PARK RD,S BANNOCK ST
284,137,391,Shared Roadway,E VIRGINIA AVE,S MARION STREET PKWY/DENVER PARK RD,S BANNOCK ST
285,391,392,Shared Roadway,E VIRGINIA AVE,S MARION STREET PKWY/DENVER PARK RD,S BANNOCK ST
286,393,394,Shared Roadway,N YOSEMITE WAY,E 1ST AVE/COLI,N YOSEMITE WAY
287,394,395,Shared Roadway,N YOSEMITE WAY,E 1ST AVE/COLI,N YOSEMITE WAY
288,395,366,Shared Roadway,N YOSEMITE WAY,E 1ST AVE/COLI,N YOSEMITE WAY
289,33,396,Shared Roadway,S FRANKLIN ST,E BUCHTEL BLVD,E DARTMOUTH AVE
290,396,397,Shared Roadway,S FRANKLIN ST,E BUCHTEL BLVD,E DARTMOUTH AVE
291,114,398,Shared Roadway,E 35TH AVE,N QUEBEC ST,N FRANKLIN ST
292,398,92,Shared Roadway,E 35TH AVE,N QUEBEC ST,N FRANKLIN ST
293,92,399,Shared Roadway,E 35TH AVE,N QUEBEC ST,N FRANKLIN ST
294,399,110,Shared Roadway,E 35TH AVE,N QUEBEC ST,N FRANKLIN ST
295,110,400,Shared Roadway,E 35TH AVE,N QUEBEC ST,N FRANKLIN ST
296,401,402,Shared Roadway,S ADAMS WAY,S ADAMS ST/E DARTMOUTH AVE,S MONROE ST
297,241,155,Shared Roadway,N CHEROKEE ST,COURT PL/W COLFAX AVE,W 13TH AVE
298,278,319,Shared Use Path,N CENTRAL PARK BLVD,E 37TH PL,E 36TH AVE
299,404,405,Buffered Bike Lane,S MONACO STREET PKWY,E EASTMORE DR,S MAGNOLIA WAY
300,405,406,Buffered Bike Lane,S MONACO STREET PKWY,E EASTMORE DR,S MAGNOLIA WAY
301,406,405,Buffered Bike Lane,S MONACO STREET PKWY,E EASTMORE DR,S MAGNOLIA WAY
302,374,407,Bike Lane,W YALE AVE,S SHERIDAN BLVD,S WADSWORTH BLVD
303,407,408,Bike Lane,W YALE AVE,S SHERIDAN BLVD,S WADSWORTH BLVD
304,30,409,Shared Roadway,18TH ST,GLENARM PL,CURTIS ST
305,409,410,Shared Roadway,18TH ST,GLENARM PL,CURTIS ST
306,411,412,Buffered Bike Lane,W DARTMOUTH AVE,S LOWELL BLVD,S WOLFF ST
307,414,415,Bike Lane,W 2ND AVE,N FEDERAL BLVD,N LOWELL BLVD
308,415,416,Bike Lane,W 2ND AVE,N FEDERAL BLVD,N LOWELL BLVD
309,417,172,Shared Roadway,W 46TH AVE,N GROVE ST,N TENNYSON ST
310,419,420,Bike Lane,W 50TH AVE,N ZUNI ST,N FEDERAL BLVD
311,421,422,Bike Lane,MORRISON RD,S STUART ST,S SHERIDAN BLVD
312,423,424,Shared Roadway,19TH ST,CURTIS ST,19TH STREET/CONNECTING RD
313,424,425,Shared Roadway,19TH ST,CURTIS ST,19TH STREET/CONNECTING RD
314,426,427,Shared Roadway,S HIGH ST,E BUCHTEL BLVD,E ILIFF AVE
315,275,428,Shared Use Path,,AURARIA PKWY,LARIMER ST
316,429,430,Shared Roadway,W 23RD AVE,N ALCOTT ST/RAMP,N CLAY ST
317,430,431,Shared Roadway,W 23RD AVE,N ALCOTT ST/RAMP,N CLAY ST
318,431,377,Shared Roadway,W 23RD AVE,N ALCOTT ST/RAMP,N CLAY ST
319,34,392,Bike Lane,S MARION STREET PKWY,S DOWNING STREET PKWY/E BAYAUD AVE,E VIRGINIA AVE
320,432,433,Bike Lane,18TH ST,CURTIS ST,WYNKOOP ST
321,433,434,Bike Lane,18TH ST,CURTIS ST,WYNKOOP ST
322,434,435,Bike Lane,18TH ST,CURTIS ST,WYNKOOP ST
323,436,196,Bike Lane,S XENIA ST,S WABASH CIR/S SYRACUSE WAY,E CORNELL DR/S XENIA ST/S WILDING CT
324,437,438,Trail,HIGH LINE CANAL TRAIL,S HAVANA ST,S PARKER RD
325,438,439,Trail,HIGH LINE CANAL TRAIL,S HAVANA ST,S PARKER RD
326,439,440,Trail,HIGH LINE CANAL TRAIL,S HAVANA ST,S PARKER RD
327,440,441,Trail,HIGH LINE CANAL TRAIL,S HAVANA ST,S PARKER RD
328,441,442,Trail,HIGH LINE CANAL TRAIL,S HAVANA ST,S PARKER RD
329,442,443,Trail,HIGH LINE CANAL TRAIL,S HAVANA ST,S PARKER RD
330,443,444,Trail,HIGH LINE CANAL TRAIL,S HAVANA ST,S PARKER RD
331,444,445,Trail,HIGH LINE CANAL TRAIL,S HAVANA ST,S PARKER RD
332,445,446,Trail,HIGH LINE CANAL TRAIL,S HAVANA ST,S PARKER RD
333,446,447,Trail,HIGH LINE CANAL TRAIL,S HAVANA ST,S PARKER RD
334,447,448,Trail,HIGH LINE CANAL TRAIL,S HAVANA ST,S PARKER RD
335,448,449,Trail,HIGH LINE CANAL TRAIL,S HAVANA ST,S PARKER RD
336,449,450,Trail,HIGH LINE CANAL TRAIL,S HAVANA ST,S PARKER RD
337,450,451,Trail,HIGH LINE CANAL TRAIL,S HAVANA ST,S PARKER RD
338,452,453,Trail,Cherry Creek Trail,CHERRY CREEK RESERVOIR DAM,SOUTH PLATTE RIVER TRAIL
339,453,334,Trail,Cherry Creek Trail,CHERRY CREEK RESERVOIR DAM,SOUTH PLATTE RIVER TRAIL
340,334,454,Trail,Cherry Creek Trail,CHERRY CREEK RESERVOIR DAM,SOUTH PLATTE RIVER TRAIL
341,454,455,Trail,Cherry Creek Trail,CHERRY CREEK RESERVOIR DAM,SOUTH PLATTE RIVER TRAIL
342,455,456,Trail,Cherry Creek Trail,CHERRY CREEK RESERVOIR DAM,SOUTH PLATTE RIVER TRAIL
343,456,457,Trail,Cherry Creek Trail,CHERRY CREEK RESERVOIR DAM,SOUTH PLATTE RIVER TRAIL
344,457,458,Trail,Cherry Creek Trail,CHERRY CREEK RESERVOIR DAM,SOUTH PLATTE RIVER TRAIL
345,458,459,Trail,Cherry Creek Trail,CHERRY CREEK RESERVOIR DAM,SOUTH PLATTE RIVER TRAIL
346,459,460,Trail,Cherry Creek Trail,CHERRY CREEK RESERVOIR DAM,SOUTH PLATTE RIVER TRAIL
347,460,461,Trail,Cherry Creek Trail,CHERRY CREEK RESERVOIR DAM,SOUTH PLATTE RIVER TRAIL
348,461,462,Trail,Cherry Creek Trail,CHERRY CREEK RESERVOIR DAM,SOUTH PLATTE RIVER TRAIL
349,462,463,Trail,Cherry Creek Trail,CHERRY CREEK RESERVOIR DAM,SOUTH PLATTE RIVER TRAIL
350,463,464,Trail,Cherry Creek Trail,CHERRY CREEK RESERVOIR DAM,SOUTH PLATTE RIVER TRAIL
351,464,465,Trail,Cherry Creek Trail,CHERRY CREEK RESERVOIR DAM,SOUTH PLATTE RIVER TRAIL
352,465,466,Trail,Cherry Creek Trail,CHERRY CREEK RESERVOIR DAM,SOUTH PLATTE RIVER TRAIL
353,466,467,Trail,Cherry Creek Trail,CHERRY CREEK RESERVOIR DAM,SOUTH PLATTE RIVER TRAIL
354,467,468,Trail,Cherry Creek Trail,CHERRY CREEK RESERVOIR DAM,SOUTH PLATTE RIVER TRAIL
355,468,469,Trail,Cherry Creek Trail,CHERRY CREEK RESERVOIR DAM,SOUTH PLATTE RIVER TRAIL
356,469,470,Trail,Cherry Creek Trail,CHERRY CREEK RESERVOIR DAM,SOUTH PLATTE RIVER TRAIL
357,470,471,Trail,Cherry Creek Trail,CHERRY CREEK RESERVOIR DAM,SOUTH PLATTE RIVER TRAIL
358,471,472,Trail,Cherry Creek Trail,CHERRY CREEK RESERVOIR DAM,SOUTH PLATTE RIVER TRAIL
359,472,473,Trail,Cherry Creek Trail,CHERRY CREEK RESERVOIR DAM,SOUTH PLATTE RIVER TRAIL
360,473,474,Trail,Cherry Creek Trail,CHERRY CREEK RESERVOIR DAM,SOUTH PLATTE RIVER TRAIL
361,474,208,Trail,Cherry Creek Trail,CHERRY CREEK RESERVOIR DAM,SOUTH PLATTE RIVER TRAIL
362,208,475,Trail,Cherry Creek Trail,CHERRY CREEK RESERVOIR DAM,SOUTH PLATTE RIVER TRAIL
363,475,476,Trail,Cherry Creek Trail,CHERRY CREEK RESERVOIR DAM,SOUTH PLATTE RIVER TRAIL
364,476,477,Trail,Cherry Creek Trail,CHERRY CREEK RESERVOIR DAM,SOUTH PLATTE RIVER TRAIL
365,477,478,Trail,Cherry Creek Trail,CHERRY CREEK RESERVOIR DAM,SOUTH PLATTE RIVER TRAIL
366,478,479,Trail,Cherry Creek Trail,CHERRY CREEK RESERVOIR DAM,SOUTH PLATTE RIVER TRAIL
367,479,480,Trail,Cherry Creek Trail,CHERRY CREEK RESERVOIR DAM,SOUTH PLATTE RIVER TRAIL
368,480,481,Trail,Cherry Creek Trail,CHERRY CREEK RESERVOIR DAM,SOUTH PLATTE RIVER TRAIL
369,481,482,Trail,Cherry Creek Trail,CHERRY CREEK RESERVOIR DAM,SOUTH PLATTE RIVER TRAIL
370,482,13,Trail,Cherry Creek Trail,CHERRY CREEK RESERVOIR DAM,SOUTH PLATTE RIVER TRAIL
371,13,483,Trail,Cherry Creek Trail,CHERRY CREEK RESERVOIR DAM,SOUTH PLATTE RIVER TRAIL
372,483,484,Trail,Cherry Creek Trail,CHERRY CREEK RESERVOIR DAM,SOUTH PLATTE RIVER TRAIL
373,484,485,Trail,Cherry Creek Trail,CHERRY CREEK RESERVOIR DAM,SOUTH PLATTE RIVER TRAIL
374,485,486,Trail,Cherry Creek Trail,CHERRY CREEK RESERVOIR DAM,SOUTH PLATTE RIVER TRAIL
375,486,487,Trail,Cherry Creek Trail,CHERRY CREEK RESERVOIR DAM,SOUTH PLATTE RIVER TRAIL
376,487,488,Trail,Cherry Creek Trail,CHERRY CREEK RESERVOIR DAM,SOUTH PLATTE RIVER TRAIL
377,488,489,Trail,Cherry Creek Trail,CHERRY CREEK RESERVOIR DAM,SOUTH PLATTE RIVER TRAIL
378,489,297,Trail,Cherry Creek Trail,CHERRY CREEK RESERVOIR DAM,SOUTH PLATTE RIVER TRAIL
379,297,490,Trail,Cherry Creek Trail,CHERRY CREEK RESERVOIR DAM,SOUTH PLATTE RIVER TRAIL
380,490,403,Trail,Cherry Creek Trail,CHERRY CREEK RESERVOIR DAM,SOUTH PLATTE RIVER TRAIL
381,403,491,Trail,Cherry Creek Trail,CHERRY CREEK RESERVOIR DAM,SOUTH PLATTE RIVER TRAIL
382,491,492,Trail,Cherry Creek Trail,CHERRY CREEK RESERVOIR DAM,SOUTH PLATTE RIVER TRAIL
383,492,493,Trail,Cherry Creek Trail,CHERRY CREEK RESERVOIR DAM,SOUTH PLATTE RIVER TRAIL
384,493,494,Trail,Cherry Creek Trail,CHERRY CREEK RESERVOIR DAM,SOUTH PLATTE RIVER TRAIL
385,494,495,Trail,Cherry Creek Trail,CHERRY CREEK RESERVOIR DAM,SOUTH PLATTE RIVER TRAIL
386,495,496,Trail,Cherry Creek Trail,CHERRY CREEK RESERVOIR DAM,SOUTH PLATTE RIVER TRAIL
387,496,47,Trail,Cherry Creek Trail,CHERRY CREEK RESERVOIR DAM,SOUTH PLATTE RIVER TRAIL
388,47,497,Trail,Cherry Creek Trail,CHERRY CREEK RESERVOIR DAM,SOUTH PLATTE RIVER TRAIL
389,498,499,Trail,HIGH LINE CANAL TRAIL,HAMPDEN AVE,GOLDSMITH GULCH TRAIL
390,499,500,Trail,HIGH LINE CANAL TRAIL,HAMPDEN AVE,GOLDSMITH GULCH TRAIL
391,500,501,Trail,HIGH LINE CANAL TRAIL,HAMPDEN AVE,GOLDSMITH GULCH TRAIL
392,501,502,Trail,HIGH LINE CANAL TRAIL,HAMPDEN AVE,GOLDSMITH GULCH TRAIL
393,502,503,Trail,HIGH LINE CANAL TRAIL,HAMPDEN AVE,GOLDSMITH GULCH TRAIL
394,503,504,Trail,HIGH LINE CANAL TRAIL,HAMPDEN AVE,GOLDSMITH GULCH TRAIL
395,504,505,Trail,HIGH LINE CANAL TRAIL,HAMPDEN AVE,GOLDSMITH GULCH TRAIL
396,505,506,Trail,HIGH LINE CANAL TRAIL,HAMPDEN AVE,GOLDSMITH GULCH TRAIL
397,506,507,Trail,HIGH LINE CANAL TRAIL,HAMPDEN AVE,GOLDSMITH GULCH TRAIL
398,507,508,Trail,HIGH LINE CANAL TRAIL,HAMPDEN AVE,GOLDSMITH GULCH TRAIL
399,508,509,Trail,HIGH LINE CANAL TRAIL,HAMPDEN AVE,GOLDSMITH GULCH TRAIL
400,509,376,Trail,HIGH LINE CANAL TRAIL,HAMPDEN AVE,GOLDSMITH GULCH TRAIL
401,376,510,Trail,HIGH LINE CANAL TRAIL,HAMPDEN AVE,GOLDSMITH GULCH TRAIL
402,510,511,Trail,HIGH LINE CANAL TRAIL,HAMPDEN AVE,GOLDSMITH GULCH TRAIL
403,511,512,Trail,HIGH LINE CANAL TRAIL,HAMPDEN AVE,GOLDSMITH GULCH TRAIL
404,512,513,Trail,HIGH LINE CANAL TRAIL,HAMPDEN AVE,GOLDSMITH GULCH TRAIL
405,513,514,Trail,HIGH LINE CANAL TRAIL,HAMPDEN AVE,GOLDSMITH GULCH TRAIL
406,514,515,Trail,HIGH LINE CANAL TRAIL,HAMPDEN AVE,GOLDSMITH GULCH TRAIL
407,515,516,Trail,HIGH LINE CANAL TRAIL,HAMPDEN AVE,GOLDSMITH GULCH TRAIL
408,516,517,Trail,HIGH LINE CANAL TRAIL,HAMPDEN AVE,GOLDSMITH GULCH TRAIL
409,517,518,Trail,HIGH LINE CANAL TRAIL,HAMPDEN AVE,GOLDSMITH GULCH TRAIL
410,518,324,Trail,HIGH LINE CANAL TRAIL,HAMPDEN AVE,GOLDSMITH GULCH TRAIL
411,519,520,Shared Use Path,RAMP,BLAKE ST/20TH ST,RRUNPASS
412,520,521,Shared Use Path,RAMP,BLAKE ST/20TH ST,RRUNPASS
413,208,206,Shared Use Path,S STEELE ST,E BAYAUD AVE/E CHERRY CREEK NORTH DR,N STEELE ST
414,522,523,Shared Roadway,S GARFIELD ST,N GARFIELD ST/E ELLSWORTH AVE,E DAKOTA AVE
415,523,524,Shared Roadway,S GARFIELD ST,N GARFIELD ST/E ELLSWORTH AVE,E DAKOTA AVE
416,112,525,Shared Roadway,26TH ST,LAWRENCE ST,BLAKE ST
417,526,527,Shared Roadway,S JASON ST,S PLATTE RIVER DR/NMCHG,W LOUISIANA AVE
418,527,528,Shared Roadway,S JASON ST,S PLATTE RIVER DR/NMCHG,W LOUISIANA AVE
419,528,529,Shared Roadway,S JASON ST,S PLATTE RIVER DR/NMCHG,W LOUISIANA AVE
420,529,530,Shared Roadway,S JASON ST,S PLATTE RIVER DR/NMCHG,W LOUISIANA AVE
421,530,531,Shared Roadway,S JASON ST,S PLATTE RIVER DR/NMCHG,W LOUISIANA AVE
422,533,534,Shared Roadway,S LOGAN ST,E MISSISSIPPI AVE,E HARVARD AVE
423,534,535,Shared Roadway,S LOGAN ST,E MISSISSIPPI AVE,E HARVARD AVE
424,535,536,Shared Roadway,S LOGAN ST,E MISSISSIPPI AVE,E HARVARD AVE
425,536,537,Shared Roadway,S LOGAN ST,E MISSISSIPPI AVE,E HARVARD AVE
426,537,538,Shared Roadway,S LOGAN ST,E MISSISSIPPI AVE,E HARVARD AVE
427,539,540,Shared Roadway,N SHERMAN ST EAST LOOP,N SHERMAN ST WEST LOOP,N SHERMAN ST WEST LOOP
428,254,541,Shared Roadway,E 12TH AVE,N HOLLY ST,N COLORADO BLVD
429,541,542,Shared Roadway,E 12TH AVE,N HOLLY ST,N COLORADO BLVD
430,544,545,Shared Roadway,S YOSEMITE ST,INTERSTATE 225/STR,E BELLEVIEW AVE
431,546,254,Shared Roadway,E 12TH AVE,N COLORADO BLVD,N GARFIELD ST
432,548,549,Shared Roadway,N CLAY ST,W 46TH AVE,W DUNKELD PL/NMCHG
433,549,550,Shared Roadway,N CLAY ST,W 46TH AVE,W DUNKELD PL/NMCHG
434,551,552,Shared Roadway,S NEWPORT ST,E CORNELL AVE,E GIRARD AVE
435,552,553,Shared Roadway,S NEWPORT ST,E CORNELL AVE,E GIRARD AVE
436,511,214,Shared Roadway,E ILIFF AVE,S ONEIDA ST,S HOLLY ST
437,555,556,Shared Roadway,DENVER ZOO RD,DENVER ZOO RD,CITY PARK ESPLANADE
438,68,67,Shared Roadway,S STUART ST,W ALAMEDA AVE,MORRISON RD
439,434,519,Shared Roadway,BLAKE ST,22ND ST,16TH ST
440,519,259,Shared Roadway,BLAKE ST,22ND ST,16TH ST
441,259,343,Shared Roadway,BLAKE ST,22ND ST,16TH ST
442,559,388,Shared Roadway,E MISSISSIPPI AVE,S QUEBEC ST,S ONEIDA ST
443,560,149,Shared Roadway,N IRVING ST,W 1ST AVE,W JEWELL AVE/S IRVING ST
444,149,561,Shared Roadway,N IRVING ST,W 1ST AVE,W JEWELL AVE/S IRVING ST
445,561,562,Shared Roadway,N IRVING ST,W 1ST AVE,W JEWELL AVE/S IRVING ST
446,563,50,Shared Roadway,E FLORIDA AVE,E CHERRY CREEK NORTH DR,S ONEIDA ST/NMCHG
447,565,566,Shared Roadway,E BAYAUD AVE,S KEARNEY ST,S BIRCH ST
448,566,567,Shared Roadway,E BAYAUD AVE,S KEARNEY ST,S BIRCH ST
449,567,73,Shared Roadway,E BAYAUD AVE,S KEARNEY ST,S BIRCH ST
450,59,57,Shared Roadway,N DOWNING ST,N DOWNING STREET PKWY,E 3RD AVE
451,88,556,Shared Roadway,DENVER ZOO RD,DENVER ZOO RD,DENVER ZOO RD
452,569,300,Shared Roadway,W 36TH AVE,N KALAMATH ST,N NAVAJO ST
453,396,427,Shared Roadway,E ILIFF AVE,S UNIVERSITY BLVD,S HUMBOLDT ST
454,278,570,Shared Use Path,N CENTRAL PARK BLVD,E 37TH PL,E 36TH AVE
455,570,319,Shared Use Path,N CENTRAL PARK BLVD,E 37TH PL,E 36TH AVE
456,212,163,Shared Use Path,E MARTIN LUTHER KING JR BLVD,N ROSLYN WAY/N ROSLYN ST,N QUEBEC ST/E MARTIN LUTHER KING BLVD
457,415,571,Bike Lane,N KNOX CT,W 8TH AVE,W ALAMEDA AVE
458,571,572,Bike Lane,N KNOX CT,W 8TH AVE,W ALAMEDA AVE
459,573,306,Bike Lane,W 44TH AVE,NB I25 TO I70 RAMP,N FOX ST
460,435,575,Bike Lane,WYNKOOP ST,18TH ST,19TH ST
461,576,577,Shared Roadway,N SHERMAN ST,E 20TH AVE,E COLFAX AVE
462,577,578,Shared Roadway,N SHERMAN ST,E 20TH AVE,E COLFAX AVE
463,142,225,Shared Roadway,E 16TH AVE,N KEARNEY ST,N KRAMERIA ST
464,579,285,Bike Lane,WELTON ST,W COLFAX AVE,19TH ST
465,316,580,Bike Lane,E MONTVIEW BLVD,COLI/PRIVATE RD,N CENTRAL PARK BLVD/N YOSEMITE ST/COLI
466,324,581,Trail,GOLDSMITH GULCH TRAIL,ILIFF AVE,HIGH LINE CANAL TRAIL
467,581,582,Trail,GOLDSMITH GULCH TRAIL,ILIFF AVE,HIGH LINE CANAL TRAIL
468,582,583,Trail,GOLDSMITH GULCH TRAIL,ILIFF AVE,HIGH LINE CANAL TRAIL
469,584,585,Trail,GARLAND GREENBELT TRAIL,VIRGINIA AVE,CHERRY CREEK TRAIL
470,585,586,Trail,GARLAND GREENBELT TRAIL,VIRGINIA AVE,CHERRY CREEK TRAIL
471,586,587,Trail,GARLAND GREENBELT TRAIL,VIRGINIA AVE,CHERRY CREEK TRAIL
472,587,588,Trail,GARLAND GREENBELT TRAIL,VIRGINIA AVE,CHERRY CREEK TRAIL
473,588,589,Trail,GARLAND GREENBELT TRAIL,VIRGINIA AVE,CHERRY CREEK TRAIL
474,589,462,Trail,GARLAND GREENBELT TRAIL,VIRGINIA AVE,CHERRY CREEK TRAIL
475,590,591,Trail,SANDERSON GULCH TRAIL,SOUTH PLATTE RIVER TRAIL,S WOLFF ST
476,591,592,Trail,SANDERSON GULCH TRAIL,SOUTH PLATTE RIVER TRAIL,S WOLFF ST
477,592,593,Trail,SANDERSON GULCH TRAIL,SOUTH PLATTE RIVER TRAIL,S WOLFF ST
478,593,594,Trail,SANDERSON GULCH TRAIL,SOUTH PLATTE RIVER TRAIL,S WOLFF ST
479,594,595,Trail,SANDERSON GULCH TRAIL,SOUTH PLATTE RIVER TRAIL,S WOLFF ST
480,595,148,Trail,SANDERSON GULCH TRAIL,SOUTH PLATTE RIVER TRAIL,S WOLFF ST
481,148,596,Trail,SANDERSON GULCH TRAIL,SOUTH PLATTE RIVER TRAIL,S WOLFF ST
482,596,597,Trail,SANDERSON GULCH TRAIL,SOUTH PLATTE RIVER TRAIL,S WOLFF ST
483,597,598,Trail,SANDERSON GULCH TRAIL,SOUTH PLATTE RIVER TRAIL,S WOLFF ST
484,598,599,Trail,SANDERSON GULCH TRAIL,SOUTH PLATTE RIVER TRAIL,S WOLFF ST
485,599,147,Trail,SANDERSON GULCH TRAIL,SOUTH PLATTE RIVER TRAIL,S WOLFF ST
486,147,98,Trail,SANDERSON GULCH TRAIL,SOUTH PLATTE RIVER TRAIL,S WOLFF ST
487,600,601,Trail,WEST HARVARD GULCH TRAIL,SOUTH PLATTE RIVER TRAIL,S FEDERAL BLVD
488,602,603,Shared Roadway,N DECATUR ST,W 10TH AVE,W 11TH AVE
489,534,604,Shared Roadway,E LOUISIANA AVE,S FRANKLIN ST,S LOGAN ST
490,604,605,Shared Roadway,E LOUISIANA AVE,S FRANKLIN ST,S LOGAN ST
491,601,606,Shared Roadway,W VASSAR AVE,S FEDERAL BLVD,S IRVING ST
492,559,50,Shared Roadway,S ONEIDA ST,E MISSISSIPPI AVE,E FLORIDA AVE
493,607,603,Shared Roadway,W 11TH AVE,BGN,N DECATUR ST
494,560,608,Shared Roadway,S IRVING ST,W EVANS AVE/S IRVING ST,W JEWELL AVE/S IRVING ST
495,608,609,Shared Roadway,S IRVING ST,W EVANS AVE/S IRVING ST,W JEWELL AVE/S IRVING ST
496,609,610,Shared Roadway,S IRVING ST,W EVANS AVE/S IRVING ST,W JEWELL AVE/S IRVING ST
497,222,611,Shared Roadway,N VINE ST,E 22ND AVE,E 23RD AVE
498,613,158,Shared Roadway,CHEESMAN PARK 1,CHEESMAN PARK 4/N FRANKLIN ST,CHEESMAN PARK 5
499,614,615,Shared Roadway,W 41ST AVE,N INCA ST,N LIPAN ST
500,616,617,Shared Roadway,W HARVARD AVE,S IRVING ST,S LOWELL BLVD
501,551,618,Shared Roadway,E CORNELL AVE,S PONTIAC ST,S NEWPORT ST
502,619,620,Shared Roadway,S LOWELL BLVD,W GIRARD AVE/S KNOX CT/COLI/NMCHG,W GIRARD AVE
503,620,621,Shared Roadway,S LOWELL BLVD,W GIRARD AVE/S KNOX CT/COLI/NMCHG,W GIRARD AVE
504,621,622,Shared Roadway,S LOWELL BLVD,W GIRARD AVE/S KNOX CT/COLI/NMCHG,W GIRARD AVE
505,624,625,Shared Roadway,W DARTMOUTH AVE,SOUTH PLATTE RIVER TRAIL,W DARTMOUTH AVE
506,626,79,Shared Roadway,E MISSISSIPPI AVE,S CHERRY ST,S HARRISON ST
507,522,627,Shared Roadway,N GARFIELD ST,E 17TH AVE,E ELLSWORTH AVE
508,627,546,Shared Roadway,N GARFIELD ST,E 17TH AVE,E ELLSWORTH AVE
509,546,628,Shared Roadway,N GARFIELD ST,E 17TH AVE,E ELLSWORTH AVE
510,629,177,Shared Roadway,N PERRY ST,W 46TH AVE,W 20TH AVE
511,177,630,Shared Roadway,N PERRY ST,W 46TH AVE,W 20TH AVE
512,630,631,Shared Roadway,N PERRY ST,W 46TH AVE,W 20TH AVE
513,631,632,Shared Roadway,N PERRY ST,W 46TH AVE,W 20TH AVE
514,632,417,Shared Roadway,N PERRY ST,W 46TH AVE,W 20TH AVE
515,201,633,Shared Roadway,E FAIRMOUNT DR,E ALAMEDA AVE,E FAIRMOUNT DR/E FAIRMOUNT CIR
516,634,635,Shared Roadway,W 8TH AVE,N HAZEL CT,N KNOX CT
517,635,572,Shared Roadway,W 8TH AVE,N HAZEL CT,N KNOX CT
518,131,401,Shared Roadway,S ADAMS ST,E VASSAR AVE,E DARTMOUTH AVE
519,267,533,Shared Roadway,S LOGAN ST,RAMP/MEDIAN/UNPASS/STR,E BUCHTEL BLVD/E MISSISSIPPI AVE
520,74,233,Shared Roadway,E CEDAR AVE,S MONACO STREET PKWY,S KEARNEY ST
521,610,616,Shared Roadway,S IRVING ST,W EVANS AVE/S IRVING ST,W YALE AVE
522,616,606,Shared Roadway,S IRVING ST,W EVANS AVE/S IRVING ST,W YALE AVE
523,606,636,Shared Roadway,S IRVING ST,W EVANS AVE/S IRVING ST,W YALE AVE
524,638,639,Shared Roadway,W BATES AVE,S RALEIGH ST,S HOBART WAY
525,630,169,Shared Roadway,W 26TH AVE,N PERRY ST,N SHERIDAN BLVD
526,169,640,Shared Roadway,W 26TH AVE,N PERRY ST,N SHERIDAN BLVD
527,640,641,Shared Roadway,W 26TH AVE,N PERRY ST,N SHERIDAN BLVD
528,634,642,Shared Roadway,N HAZEL CT,W 12TH AVE,W 8TH AVE
529,642,643,Shared Roadway,N HAZEL CT,W 12TH AVE,W 8TH AVE
530,644,538,Shared Roadway,E HARVARD AVE,S LOGAN ST,S SHERMAN ST
531,637,645,Shared Roadway,N PERRY ST,W 6TH AVENUE FWY/STR,W 4TH AVE
532,646,363,Shared Roadway,N CLERMONT ST,E 12TH AVE,E 6TH AVENUE PKWY
533,363,541,Shared Roadway,N CLERMONT ST,E 12TH AVE,E 6TH AVENUE PKWY
534,367,647,Shared Roadway,N YOSEMITE WAY,E YOSEMITE WAY,E 5TH PL/N YOSEMITE WAY
535,359,648,Shared Use Path,E NORTHFIELD BLVD,N DALLAS ST,N CENTRAL PARK BLVD
536,648,649,Shared Use Path,E NORTHFIELD BLVD,N DALLAS ST,N CENTRAL PARK BLVD
537,649,650,Shared Use Path,E NORTHFIELD BLVD,N DALLAS ST,N CENTRAL PARK BLVD
538,650,43,Shared Use Path,E NORTHFIELD BLVD,N DALLAS ST,N CENTRAL PARK BLVD
539,43,651,Shared Use Path,E NORTHFIELD BLVD,N DALLAS ST,N CENTRAL PARK BLVD
540,651,276,Shared Use Path,E NORTHFIELD BLVD,N DALLAS ST,N CENTRAL PARK BLVD
541,436,7,Bike Lane,S SYRACUSE WAY,S UINTA ST,S YOSEMITE ST
542,652,653,Bike Lane,E UNION AVE,S MONACO ST/PRIVATE RD/TRAFFIC SIGNAL/SUBDIVISION RD,S YOSEMITE ST
543,653,654,Bike Lane,E UNION AVE,S MONACO ST/PRIVATE RD/TRAFFIC SIGNAL/SUBDIVISION RD,S YOSEMITE ST
544,654,655,Bike Lane,E UNION AVE,S MONACO ST/PRIVATE RD/TRAFFIC SIGNAL/SUBDIVISION RD,S YOSEMITE ST
545,655,656,Bike Lane,E UNION AVE,S MONACO ST/PRIVATE RD/TRAFFIC SIGNAL/SUBDIVISION RD,S YOSEMITE ST
546,656,379,Bike Lane,E UNION AVE,S MONACO ST/PRIVATE RD/TRAFFIC SIGNAL/SUBDIVISION RD,S YOSEMITE ST
547,379,657,Bike Lane,E UNION AVE,S MONACO ST/PRIVATE RD/TRAFFIC SIGNAL/SUBDIVISION RD,S YOSEMITE ST
548,657,658,Bike Lane,E UNION AVE,S MONACO ST/PRIVATE RD/TRAFFIC SIGNAL/SUBDIVISION RD,S YOSEMITE ST
549,658,659,Bike Lane,E UNION AVE,S MONACO ST/PRIVATE RD/TRAFFIC SIGNAL/SUBDIVISION RD,S YOSEMITE ST
550,659,544,Bike Lane,E UNION AVE,S MONACO ST/PRIVATE RD/TRAFFIC SIGNAL/SUBDIVISION RD,S YOSEMITE ST
551,660,11,Shared Roadway,W 41ST AVE,N ELATI ST,N FOX ST
552,661,281,Bike Lane,E 11TH AVE,N GRANT ST,N INCA ST
553,281,239,Bike Lane,E 11TH AVE,N GRANT ST,N INCA ST
554,239,70,Bike Lane,E 11TH AVE,N GRANT ST,N INCA ST
555,70,662,Bike Lane,E 11TH AVE,N GRANT ST,N INCA ST
556,208,523,Bike Lane,E BAYAUD AVE,S COLORADO BLVD,S STEEL ST/E CHERRY CREEK NORTH DR
557,663,160,Shared Roadway,E 21ST AVE,N FRANKLIN ST,N MARION ST
558,664,617,Bike Lane,S LOWELL BLVD,W EVANS AVE,W FLOYD AVE
559,617,665,Bike Lane,S LOWELL BLVD,W EVANS AVE,W FLOYD AVE
560,665,666,Bike Lane,S LOWELL BLVD,W EVANS AVE,W FLOYD AVE
561,666,667,Bike Lane,S LOWELL BLVD,W EVANS AVE,W FLOYD AVE
562,667,76,Bike Lane,S LOWELL BLVD,W EVANS AVE,W FLOYD AVE
563,76,411,Bike Lane,S LOWELL BLVD,W EVANS AVE,W FLOYD AVE
564,411,118,Bike Lane,S LOWELL BLVD,W EVANS AVE,W FLOYD AVE
565,118,619,Bike Lane,S LOWELL BLVD,W EVANS AVE,W FLOYD AVE
566,195,106,Bike Lane,E 23RD AVE,N KEARNEY ST,N COLORADO BLVD
567,106,669,Bike Lane,E 23RD AVE,N KEARNEY ST,N COLORADO BLVD
568,420,670,Buffered Bike Lane,W REGIS BLVD,N LOWELL BLVD,N FEDERAL BLVD/W 50TH AVE
569,670,671,Buffered Bike Lane,W REGIS BLVD,N LOWELL BLVD,N FEDERAL BLVD/W 50TH AVE
570,671,672,Buffered Bike Lane,W REGIS BLVD,N LOWELL BLVD,N FEDERAL BLVD/W 50TH AVE
571,672,673,Buffered Bike Lane,W REGIS BLVD,N LOWELL BLVD,N FEDERAL BLVD/W 50TH AVE
572,19,675,Shared Roadway,E PRINCETON AVE,S TAMARAC DR,S QUEBEC ST
573,676,46,Bike Lane,CLEVELAND PL,15TH ST,CONNECTING RD/16TH ST
574,424,220,Protected Bike Lane,STOUT ST,19TH ST,26TH ST
575,220,678,Protected Bike Lane,STOUT ST,19TH ST,26TH ST
576,314,318,Bike Lane,N CENTRAL PARK BLVD,E MONTVIEW BLVD/N YOSEMITE ST/COLI,E 36TH AVE
577,679,397,Shared Roadway,E DARTMOUTH AVE,S FRANKLIN ST,S DOWNING ST
578,324,680,Trail,HIGH LINE CANAL TRAIL,GOLDSMITH GULCH TRAIL,CHERRY CREEK TRAIL
579,680,681,Trail,HIGH LINE CANAL TRAIL,GOLDSMITH GULCH TRAIL,CHERRY CREEK TRAIL
580,681,682,Trail,HIGH LINE CANAL TRAIL,GOLDSMITH GULCH TRAIL,CHERRY CREEK TRAIL
581,682,683,Trail,HIGH LINE CANAL TRAIL,GOLDSMITH GULCH TRAIL,CHERRY CREEK TRAIL
582,683,684,Trail,HIGH LINE CANAL TRAIL,GOLDSMITH GULCH TRAIL,CHERRY CREEK TRAIL
583,684,685,Trail,HIGH LINE CANAL TRAIL,GOLDSMITH GULCH TRAIL,CHERRY CREEK TRAIL
584,685,686,Trail,HIGH LINE CANAL TRAIL,GOLDSMITH GULCH TRAIL,CHERRY CREEK TRAIL
585,686,687,Trail,HIGH LINE CANAL TRAIL,GOLDSMITH GULCH TRAIL,CHERRY CREEK TRAIL
586,687,688,Trail,HIGH LINE CANAL TRAIL,GOLDSMITH GULCH TRAIL,CHERRY CREEK TRAIL
587,688,689,Trail,HIGH LINE CANAL TRAIL,GOLDSMITH GULCH TRAIL,CHERRY CREEK TRAIL
588,689,690,Trail,HIGH LINE CANAL TRAIL,GOLDSMITH GULCH TRAIL,CHERRY CREEK TRAIL
589,690,691,Trail,HIGH LINE CANAL TRAIL,GOLDSMITH GULCH TRAIL,CHERRY CREEK TRAIL
590,691,692,Trail,HIGH LINE CANAL TRAIL,GOLDSMITH GULCH TRAIL,CHERRY CREEK TRAIL
591,692,693,Trail,HIGH LINE CANAL TRAIL,GOLDSMITH GULCH TRAIL,CHERRY CREEK TRAIL
592,693,334,Trail,HIGH LINE CANAL TRAIL,GOLDSMITH GULCH TRAIL,CHERRY CREEK TRAIL
593,694,695,Trail,LAKEWOOD GULCH TRAIL,SOUTH PLATTE RIVER TRAIL,N WOLFF ST
594,695,696,Trail,LAKEWOOD GULCH TRAIL,SOUTH PLATTE RIVER TRAIL,N WOLFF ST
595,696,697,Trail,LAKEWOOD GULCH TRAIL,SOUTH PLATTE RIVER TRAIL,N WOLFF ST
596,697,698,Trail,LAKEWOOD GULCH TRAIL,SOUTH PLATTE RIVER TRAIL,N WOLFF ST
597,698,699,Trail,LAKEWOOD GULCH TRAIL,SOUTH PLATTE RIVER TRAIL,N WOLFF ST
598,699,700,Trail,LAKEWOOD GULCH TRAIL,SOUTH PLATTE RIVER TRAIL,N WOLFF ST
599,700,643,Trail,LAKEWOOD GULCH TRAIL,SOUTH PLATTE RIVER TRAIL,N WOLFF ST
600,643,701,Trail,LAKEWOOD GULCH TRAIL,SOUTH PLATTE RIVER TRAIL,N WOLFF ST
601,701,702,Trail,LAKEWOOD GULCH TRAIL,SOUTH PLATTE RIVER TRAIL,N WOLFF ST
602,702,703,Trail,LAKEWOOD GULCH TRAIL,SOUTH PLATTE RIVER TRAIL,N WOLFF ST
603,703,704,Trail,LAKEWOOD GULCH TRAIL,SOUTH PLATTE RIVER TRAIL,N WOLFF ST
604,704,705,Trail,LAKEWOOD GULCH TRAIL,SOUTH PLATTE RIVER TRAIL,N WOLFF ST
605,705,706,Trail,LAKEWOOD GULCH TRAIL,SOUTH PLATTE RIVER TRAIL,N WOLFF ST
606,706,707,Trail,LAKEWOOD GULCH TRAIL,SOUTH PLATTE RIVER TRAIL,N WOLFF ST
607,277,708,Trail,SAND CREEK TRAIL,47TH AVE,CENRTAL PARK BLVD
608,708,709,Trail,SAND CREEK TRAIL,47TH AVE,CENRTAL PARK BLVD
609,709,710,Trail,SAND CREEK TRAIL,47TH AVE,CENRTAL PARK BLVD
610,710,711,Trail,SAND CREEK TRAIL,47TH AVE,CENRTAL PARK BLVD
611,711,712,Trail,SAND CREEK TRAIL,47TH AVE,CENRTAL PARK BLVD
612,712,713,Trail,SAND CREEK TRAIL,47TH AVE,CENRTAL PARK BLVD
613,713,714,Trail,SAND CREEK TRAIL,47TH AVE,CENRTAL PARK BLVD
614,714,715,Trail,SAND CREEK TRAIL,47TH AVE,CENRTAL PARK BLVD
615,715,716,Trail,SAND CREEK TRAIL,47TH AVE,CENRTAL PARK BLVD
616,720,721,Shared Roadway,S ONEIDA ST,E MEXICO AVE,E PANORAMA LN
617,88,352,Shared Roadway,DENVER ZOO RD,CITY PARK RD,DENVER ZOO RD
618,622,722,Shared Roadway,S KNOX CT,S LOWELL BLVD/W GIRARD AVE/COLI/NMCHG,W HAMPDEN AVE
619,78,723,Shared Roadway,N CLERMONT STREET PKWY,E 6TH AVENUE PKWY,E 3RD AVE/N BELO HORIZONTE PKWY
620,723,646,Shared Roadway,N CLERMONT STREET PKWY,E 6TH AVENUE PKWY,E 3RD AVE/N BELO HORIZONTE PKWY
621,556,555,Shared Roadway,DENVER ZOO RD,DENVER ZOO RD,DENVER ZOO RD
622,95,724,Shared Roadway,E 16TH AVE,N ADAMS ST,N STEELE ST
623,87,725,Shared Roadway,N FOX ST,W 41ST AVE,N FOX ST/W 38TH AVE
624,725,11,Shared Roadway,N FOX ST,W 41ST AVE,N FOX ST/W 38TH AVE
625,407,141,Shared Roadway,S WEBSTER ST,W YALE AVE,W DARTMOUTH AVE
626,726,727,Shared Roadway,E ANDREWS DR,N CHAMBERS RD,E ANDREWS DR/E 44TH AVE
627,727,728,Shared Roadway,E ANDREWS DR,N CHAMBERS RD,E ANDREWS DR/E 44TH AVE
628,729,100,Shared Roadway,E 39TH AVE,N DAHLIA ST,N EUDORA WAY
629,730,731,Shared Roadway,E QUINCY AVE,S MONACO ST/E HAPPY CANYON RD,E EASTMOOR DR/S QUEBEC ST
630,732,369,Shared Roadway,DENVER ZOO RD,DENVER ZOO RD,DENVER ZOO RD
631,199,556,Shared Roadway,CITY PARK ESPLANADE,E 17TH AVE,DENVER ZOO RD
632,734,735,Shared Roadway,N KEARNEY ST,E SMITH RD,E 29TH AVE
633,735,400,Shared Roadway,N KEARNEY ST,E SMITH RD,E 29TH AVE
634,400,736,Shared Roadway,N KEARNEY ST,E SMITH RD,E 29TH AVE
635,558,737,Shared Roadway,N PERRY ST,W 4TH AVE,W ELLSWORTH AVE/S PERRY ST
636,737,637,Shared Roadway,N PERRY ST,W 4TH AVE,W ELLSWORTH AVE/S PERRY ST
637,738,739,Shared Roadway,W OHIO AVE,S VALLEJO ST,S ZUNI ST
638,739,64,Shared Roadway,W OHIO AVE,S VALLEJO ST,S ZUNI ST
639,97,531,Shared Roadway,W LOUISIANA AVE,S HURON ST,S JASON ST
640,567,740,Shared Roadway,S DAHLIA ST,E BAYAUD AVE,LEETSDALE DR
641,271,313,Shared Roadway,E 29TH PL,E 29TH AVE,E 29TH AVE
642,741,536,Shared Roadway,E IOWA AVE,S LOGAN ST,S SANTA FE DR
643,102,742,Shared Roadway,E BAYAUD AVE,S PENNSYLVANIA ST,S PEARL ST
644,743,744,Shared Roadway,N CLAYTON ST,E 47TH AVE,E 44TH AVE
645,744,574,Shared Roadway,N CLAYTON ST,E 47TH AVE,E 44TH AVE
646,611,308,Shared Roadway,E 23RD AVE,N YORK ST,N HIGH ST
647,745,746,Shared Roadway,N PERRY ST,W 17TH AVE,W 6TH AVE
648,746,4,Shared Roadway,N PERRY ST,W 17TH AVE,W 6TH AVE
649,212,747,Shared Use Path,E MARTIN LUTHER KING BLVD,N QUEBEC ST/E MARTIN LUTHER KING BLVD,N ROSLYN WAY/N ROSLYN ST
650,747,748,Shared Use Path,E MARTIN LUTHER KING BLVD,N QUEBEC ST/E MARTIN LUTHER KING BLVD,N ROSLYN WAY/N ROSLYN ST
651,748,163,Shared Use Path,E MARTIN LUTHER KING BLVD,N QUEBEC ST/E MARTIN LUTHER KING BLVD,N ROSLYN WAY/N ROSLYN ST
652,749,247,Shared Roadway,S STEELE ST,E EXPOSITION AVE,E MEXICO AVE
653,247,750,Shared Roadway,S STEELE ST,E EXPOSITION AVE,E MEXICO AVE
654,751,638,Bike Lane,S RALEIGH ST,S TENNYSON WAY/W WARREN AVE,W HAMPDEN AVE
655,638,412,Bike Lane,S RALEIGH ST,S TENNYSON WAY/W WARREN AVE,W HAMPDEN AVE
656,412,752,Bike Lane,S RALEIGH ST,S TENNYSON WAY/W WARREN AVE,W HAMPDEN AVE
657,753,180,Bike Lane,E 35TH AVE,N TRENTON ST,N QUEBEC ST
658,491,754,Protected Bike Lane,LAWRENCE ST,N SPEER BLVD/TRAFFIC SIGNAL,24TH AVE
659,754,293,Protected Bike Lane,LAWRENCE ST,N SPEER BLVD/TRAFFIC SIGNAL,24TH AVE
660,293,433,Protected Bike Lane,LAWRENCE ST,N SPEER BLVD/TRAFFIC SIGNAL,24TH AVE
661,433,257,Protected Bike Lane,LAWRENCE ST,N SPEER BLVD/TRAFFIC SIGNAL,24TH AVE
662,604,755,Bike Lane,N EMERSON ST,E LOUISIANA AVE/E BUTCHEL BLVD,E 1ST AVE
663,755,756,Bike Lane,N EMERSON ST,E LOUISIANA AVE/E BUTCHEL BLVD,E 1ST AVE
664,756,391,Bike Lane,N EMERSON ST,E LOUISIANA AVE/E BUTCHEL BLVD,E 1ST AVE
665,391,554,Bike Lane,N EMERSON ST,E LOUISIANA AVE/E BUTCHEL BLVD,E 1ST AVE
666,403,757,Protected Bike Lane,ARAPAHOE ST,24TH AVE,N SPEER BLVD/STR
667,757,292,Protected Bike Lane,ARAPAHOE ST,24TH AVE,N SPEER BLVD/STR
668,292,432,Protected Bike Lane,ARAPAHOE ST,24TH AVE,N SPEER BLVD/STR
669,432,758,Protected Bike Lane,ARAPAHOE ST,24TH AVE,N SPEER BLVD/STR
670,758,256,Protected Bike Lane,ARAPAHOE ST,24TH AVE,N SPEER BLVD/STR
671,256,759,Protected Bike Lane,ARAPAHOE ST,24TH AVE,N SPEER BLVD/STR
672,760,81,Bike Lane,E 22ND AVE,N YORK ST,N WASHINGTON ST
673,81,761,Bike Lane,E 22ND AVE,N YORK ST,N WASHINGTON ST
674,761,144,Bike Lane,E 22ND AVE,N YORK ST,N WASHINGTON ST
675,144,222,Bike Lane,E 22ND AVE,N YORK ST,N WASHINGTON ST
676,222,762,Bike Lane,E 22ND AVE,N YORK ST,N WASHINGTON ST
677,763,178,Bike Lane,N STUART ST,SLOANS LAKE PARK RD 1/W 23RD AVE,W 20TH AVE
678,764,2,Bike Lane,N MARIPOSA ST,W COLFAX AVE,W 8TH AVE
679,2,765,Bike Lane,N MARIPOSA ST,W COLFAX AVE,W 8TH AVE
680,765,766,Bike Lane,N MARIPOSA ST,W COLFAX AVE,W 8TH AVE
681,766,767,Bike Lane,N MARIPOSA ST,W COLFAX AVE,W 8TH AVE
682,768,769,Bike Lane,E MARTIN LUTHER KING BLVD,N ELIZABETH ST/E 31ST AVENUE DR,N PONTIAC ST
683,769,770,Bike Lane,E MARTIN LUTHER KING BLVD,N ELIZABETH ST/E 31ST AVENUE DR,N PONTIAC ST
684,770,91,Bike Lane,E MARTIN LUTHER KING BLVD,N ELIZABETH ST/E 31ST AVENUE DR,N PONTIAC ST
685,91,771,Bike Lane,E MARTIN LUTHER KING BLVD,N ELIZABETH ST/E 31ST AVENUE DR,N PONTIAC ST
686,771,772,Bike Lane,E MARTIN LUTHER KING BLVD,N ELIZABETH ST/E 31ST AVENUE DR,N PONTIAC ST
687,772,773,Bike Lane,E MARTIN LUTHER KING BLVD,N ELIZABETH ST/E 31ST AVENUE DR,N PONTIAC ST
688,773,109,Bike Lane,E MARTIN LUTHER KING BLVD,N ELIZABETH ST/E 31ST AVENUE DR,N PONTIAC ST
689,109,774,Bike Lane,E MARTIN LUTHER KING BLVD,N ELIZABETH ST/E 31ST AVENUE DR,N PONTIAC ST
690,774,775,Bike Lane,E MARTIN LUTHER KING BLVD,N ELIZABETH ST/E 31ST AVENUE DR,N PONTIAC ST
691,775,776,Bike Lane,E MARTIN LUTHER KING BLVD,N ELIZABETH ST/E 31ST AVENUE DR,N PONTIAC ST
692,776,777,Bike Lane,E MARTIN LUTHER KING BLVD,N ELIZABETH ST/E 31ST AVENUE DR,N PONTIAC ST
693,777,735,Bike Lane,E MARTIN LUTHER KING BLVD,N ELIZABETH ST/E 31ST AVENUE DR,N PONTIAC ST
694,735,778,Bike Lane,E MARTIN LUTHER KING BLVD,N ELIZABETH ST/E 31ST AVENUE DR,N PONTIAC ST
695,778,779,Bike Lane,E MARTIN LUTHER KING BLVD,N ELIZABETH ST/E 31ST AVENUE DR,N PONTIAC ST
696,779,780,Bike Lane,E MARTIN LUTHER KING BLVD,N ELIZABETH ST/E 31ST AVENUE DR,N PONTIAC ST
697,780,781,Bike Lane,E MARTIN LUTHER KING BLVD,N ELIZABETH ST/E 31ST AVENUE DR,N PONTIAC ST
698,781,212,Bike Lane,E MARTIN LUTHER KING BLVD,N ELIZABETH ST/E 31ST AVENUE DR,N PONTIAC ST
699,31,782,Bike Lane,E BUCHTEL BLVD,S FRANKLIN ST,E BUCHTEL BLVD/E FLORIDA AVE
700,782,32,Bike Lane,E BUCHTEL BLVD,S FRANKLIN ST,E BUCHTEL BLVD/E FLORIDA AVE
701,46,576,Bike Lane,E 16TH AVE,CITY PARK ESPLANADE,N BROADWAY
702,576,159,Bike Lane,E 16TH AVE,CITY PARK ESPLANADE,N BROADWAY
703,159,198,Bike Lane,E 16TH AVE,CITY PARK ESPLANADE,N BROADWAY
704,783,675,Bike Lane,S TAMARAC DR,E HAMPDEN CIR,E QUINCY AVE
705,675,784,Bike Lane,S TAMARAC DR,E HAMPDEN CIR,E QUINCY AVE
706,785,786,Bike Lane,E 8TH AVE,N UINTA WAY,N QUEBEC ST
707,310,191,Bike Lane,E 23RD AVE,MEDIAN END,MEDIAN
708,334,787,Trail,HIGH LINE CANAL TRAIL,CHERRY CREEK TRAIL,PARKER RD
709,787,788,Trail,HIGH LINE CANAL TRAIL,CHERRY CREEK TRAIL,PARKER RD
710,788,789,Trail,HIGH LINE CANAL TRAIL,CHERRY CREEK TRAIL,PARKER RD
711,789,790,Trail,HIGH LINE CANAL TRAIL,CHERRY CREEK TRAIL,PARKER RD
712,790,791,Trail,HIGH LINE CANAL TRAIL,CHERRY CREEK TRAIL,PARKER RD
713,791,792,Trail,HIGH LINE CANAL TRAIL,CHERRY CREEK TRAIL,PARKER RD
714,792,793,Trail,HIGH LINE CANAL TRAIL,CHERRY CREEK TRAIL,PARKER RD
715,793,794,Trail,HIGH LINE CANAL TRAIL,CHERRY CREEK TRAIL,PARKER RD
716,794,795,Trail,HIGH LINE CANAL TRAIL,CHERRY CREEK TRAIL,PARKER RD
717,795,242,Trail,HIGH LINE CANAL TRAIL,CHERRY CREEK TRAIL,PARKER RD
718,242,796,Trail,HIGH LINE CANAL TRAIL,CHERRY CREEK TRAIL,PARKER RD
719,796,797,Trail,HIGH LINE CANAL TRAIL,CHERRY CREEK TRAIL,PARKER RD
720,798,799,Shared Use Path,CUERNAVACA PARK OFF-STREET CONNECTOR,N JASON ST,SOUTH PLATTE RIVER TRAIL
721,799,800,Shared Use Path,CUERNAVACA PARK OFF-STREET CONNECTOR,N JASON ST,SOUTH PLATTE RIVER TRAIL
722,800,801,Shared Use Path,CUERNAVACA PARK OFF-STREET CONNECTOR,N JASON ST,SOUTH PLATTE RIVER TRAIL
723,399,802,Shared Roadway,N JACKSON ST,E 40TH AVE,E 35TH AVE
724,261,224,Shared Roadway,CHEESMAN PARK 3,CHEESMAN PARK 2,CHEESMAN PARK 5
725,665,751,Shared Roadway,W YALE AVE,S LOWELL BLVD,S SHERIDAN BLVD
726,803,804,Bike Lane,E 19TH AVE,N GRANT ST,N EMERSON ST
727,237,724,Shared Roadway,N ADAMS ST,E COLFAX AVE,E 16TH AVE
728,251,361,Shared Roadway,N KRAMERIA ST,E 12TH AVE,E 6TH AVENUE PKWY
729,361,12,Shared Roadway,N KRAMERIA ST,E 12TH AVE,E 6TH AVENUE PKWY
730,82,245,Shared Roadway,S TEJON ST,W CEDAR AVE,W BYERS PL
731,542,322,Shared Roadway,N CHERRY ST,E MONTVIEW BLVD,E 12TH AVE
732,349,387,Shared Roadway,S QUEBEC ST,E ALAMEDA AVE,PRIVATE RD/S QUEBEC ST
733,162,806,Shared Roadway,S SAINT PAUL ST,S STEELE ST/E COLORADO AVE,E VASSAR AVE
734,806,55,Shared Roadway,S SAINT PAUL ST,S STEELE ST/E COLORADO AVE,E VASSAR AVE
735,733,639,Shared Roadway,S HOBART WAY,S HARLAN WAY,W BATES AVE/NMCHG
736,40,807,Shared Roadway,N YOSEMITE ST,E COLFAX AVE,E 11TH AVE
737,16,808,Shared Roadway,COURT PL,W COLFAX AVE/N CHEROKEE ST,16TH ST
738,808,809,Shared Roadway,COURT PL,W COLFAX AVE/N CHEROKEE ST,16TH ST
739,738,117,Shared Roadway,S VALLEJO ST,W OHIO AVE,W KENTUCKY AVE
740,644,811,Shared Roadway,S SHERMAN ST,E HARVARD AVE,E YALE AVE
741,812,813,Shared Roadway,S DAHLIA ST,E MISSISSIPPI AVE,E WARREN AVE
742,814,815,Shared Roadway,N BELO HORIZONTE PKWY,N BELO HORIZONTE PKWY,E 1ST AVE
743,815,77,Shared Roadway,N BELO HORIZONTE PKWY,N BELO HORIZONTE PKWY,E 1ST AVE
744,649,816,Shared Use Path,E NORTHFIELD BLVD,N DALLAS ST,N CENTRAL PARK BLVD
745,816,817,Shared Use Path,E NORTHFIELD BLVD,N DALLAS ST,N CENTRAL PARK BLVD
746,817,818,Shared Use Path,E NORTHFIELD BLVD,N DALLAS ST,N CENTRAL PARK BLVD
747,818,650,Shared Use Path,E NORTHFIELD BLVD,N DALLAS ST,N CENTRAL PARK BLVD
748,425,255,Buffered Bike Lane,CHAMPA ST,E MARTIN LUTHER KING BLVD,19TH ST
749,255,221,Buffered Bike Lane,CHAMPA ST,E MARTIN LUTHER KING BLVD,19TH ST
750,572,819,Shared Roadway,N KNOX CT,W 14TH AVE,W 8TH AVE
751,819,820,Shared Roadway,N KNOX CT,W 14TH AVE,W 8TH AVE
752,172,821,Bike Lane,W 46TH AVE,N TENNYSON ST,N SHERIDAN BLVD
753,414,674,Shared Use Path,N FEDERAL BLVD,W 2ND AVE,W 2ND AVE
754,654,822,Bike Lane,E UNION AVE,S YOSEMITE ST,S MONACO ST/PRIVATE RD/TRAFFIC SIGNAL/SUBDIVISION RD
755,822,655,Bike Lane,E UNION AVE,S YOSEMITE ST,S MONACO ST/PRIVATE RD/TRAFFIC SIGNAL/SUBDIVISION RD
756,737,416,Buffered Bike Lane,W 1ST AVE,N LOWELL BLVD,N SHERIDAN BLVD
757,416,823,Buffered Bike Lane,W 1ST AVE,N LOWELL BLVD,N SHERIDAN BLVD
758,824,825,Shared Roadway,N CROWN BLVD,E 56TH AVE,E ALBROOK DR
759,429,828,Bike Lane,WATER ST,PRIVATE RD/TRAFFIC SIGNAL BTWN 7TH ST AND  N SPEER BLVD/STR,N ALCOTT ST
760,341,829,Bike Lane,W 7TH AVE,BGN,N BRYANT ST
761,749,830,Bike Lane,E EXPOSITION AVE,S JACKSON ST,S COLUMBINE ST
762,832,492,Protected Bike Lane,LARIMER ST,CHERRY CREEK CONNECTOR,14TH STREET/TRAFFIC SIGNAL
763,126,232,Bike Lane,E YALE AVE,S SYRACUSE WAY/COLI,S QUEBEC ST
764,834,217,Bike Lane,E 12TH AVE,N MADISON ST,N CLAYTON ST
765,217,235,Bike Lane,E 12TH AVE,N MADISON ST,N CLAYTON ST
766,835,753,Bike Lane,N SYRACUSE ST,E 35TH AVE,E 32ND AVE
767,605,836,Bike Lane,S FRANKLIN ST,E LOUISIANA AVE,E BUCHTEL BLVD/RAMP
768,836,33,Bike Lane,S FRANKLIN ST,E LOUISIANA AVE,E BUCHTEL BLVD/RAMP
769,201,837,Shared Use Path,E ALAMEDA AVE,E FAIRMOUNT DR,S GALENA WAY/COLI
770,837,203,Shared Use Path,E ALAMEDA AVE,E FAIRMOUNT DR,S GALENA WAY/COLI
771,589,838,Shared Use Path,E CHERRY CREEK NORTH DR SHARED USE SIDEWALK,GARLAND GREENDBELT TRAIL,S HOLLY ST
772,15,676,Shared Use Path,WELLINGTON WEBB SHARED SIDEWALK,W COLFAX AVE/N BANNOCK ST,15TH ST
773,200,839,Shared Use Path,E FAIRMOUNT DR,E ALAMEDA AVE,E LOWRY BLVD/TRAF CIR
774,839,840,Shared Use Path,E FAIRMOUNT DR,E ALAMEDA AVE,E LOWRY BLVD/TRAF CIR
775,840,201,Shared Use Path,E FAIRMOUNT DR,E ALAMEDA AVE,E LOWRY BLVD/TRAF CIR
776,66,842,Shared Roadway,S RALEIGH ST,W WALSH PL,W LOUISIANA AVE
777,842,843,Shared Roadway,S RALEIGH ST,W WALSH PL,W LOUISIANA AVE
778,844,807,Shared Roadway,E 12TH AVE,N YOSEMITE ST/COLI,N MONACO STREET PKWY
779,743,368,Shared Roadway,E 44TH AVE,N STEELE ST,N CLAYTON ST
780,151,845,Shared Roadway,S XAVIER ST,W FLORIDA AVE,W COLORADO AVE
781,612,846,Shared Roadway,N CHEROKEE ST,W 1ST AVE,W BAYAUD AVE
782,847,846,Shared Roadway,E 1ST AVE,N CORONA ST/CONNECTING RD,N GALAPAGO ST
783,846,179,Shared Roadway,E 1ST AVE,N CORONA ST/CONNECTING RD,N GALAPAGO ST
784,179,848,Shared Roadway,E 1ST AVE,N CORONA ST/CONNECTING RD,N GALAPAGO ST
785,848,103,Shared Roadway,E 1ST AVE,N CORONA ST/CONNECTING RD,N GALAPAGO ST
786,103,139,Shared Roadway,E 1ST AVE,N CORONA ST/CONNECTING RD,N GALAPAGO ST
787,139,849,Shared Roadway,E 1ST AVE,N CORONA ST/CONNECTING RD,N GALAPAGO ST
788,849,554,Shared Roadway,E 1ST AVE,N CORONA ST/CONNECTING RD,N GALAPAGO ST
789,554,850,Shared Roadway,E 1ST AVE,N CORONA ST/CONNECTING RD,N GALAPAGO ST
790,851,852,Shared Roadway,E 29TH AVE,N QUEBEC ST,N DOWNING ST
791,852,90,Shared Roadway,E 29TH AVE,N QUEBEC ST,N DOWNING ST
792,90,108,Shared Roadway,E 29TH AVE,N QUEBEC ST,N DOWNING ST
793,108,734,Shared Roadway,E 29TH AVE,N QUEBEC ST,N DOWNING ST
794,734,122,Shared Roadway,E 29TH AVE,N QUEBEC ST,N DOWNING ST
795,122,211,Shared Roadway,E 29TH AVE,N QUEBEC ST,N DOWNING ST
796,211,270,Shared Roadway,E 29TH AVE,N QUEBEC ST,N DOWNING ST
797,853,854,Shared Roadway,S CHERRY ST,LEETSDALE DR,E MISSISSIPPI AVE
798,854,855,Shared Roadway,S CHERRY ST,LEETSDALE DR,E MISSISSIPPI AVE
799,855,79,Shared Roadway,S CHERRY ST,LEETSDALE DR,E MISSISSIPPI AVE
800,56,370,Shared Roadway,N OGDEN ST,E COLFAX AVE,E 3RD AVE
801,370,413,Shared Roadway,N OGDEN ST,E COLFAX AVE,E 3RD AVE
802,413,856,Shared Roadway,N OGDEN ST,E COLFAX AVE,E 3RD AVE
803,352,555,Shared Roadway,DENVER ZOO RD,DENVER ZOO RD,DENVER ZOO RD
804,730,857,Shared Roadway,E QUINCY AVE,E EASTMOOR DR/S QUEBEC ST,E HAPPY CANYON RD/S MONACO ST
805,857,731,Shared Roadway,E QUINCY AVE,E EASTMOOR DR/S QUEBEC ST,E HAPPY CANYON RD/S MONACO ST
806,858,5,Shared Roadway,N WOLFF ST,W 17TH AVE,W WELLS PL
807,663,761,Shared Roadway,N LAFAYETTE ST,E 29TH AVE,E 21ST AVE
808,761,859,Shared Roadway,N LAFAYETTE ST,E 29TH AVE,E 21ST AVE
809,859,851,Shared Roadway,N LAFAYETTE ST,E 29TH AVE,E 21ST AVE
810,543,566,Shared Roadway,S CLERMONT ST,N CLERMONT ST/E ELLSWORTH AVE,E BAYAUD AVE
811,493,229,Shared Roadway,WYNKOOP ST,BGN,15TH ST
812,302,860,Shared Roadway,N ELIOT ST,W 29TH AVE,W 20TH AVE/NAME CHG
813,69,861,Shared Roadway,S DELAWARE ST,W ILIFF AVE,W YALE AVE
814,852,862,Shared Roadway,N FRANKLIN ST,E BRUCE RANDOLPH AVE,E 29TH AVE
815,862,863,Shared Roadway,N FRANKLIN ST,E BRUCE RANDOLPH AVE,E 29TH AVE
816,357,83,Shared Roadway,S BRYANT ST,N BRYANT WAY/W ELLSWORTH AVE,W CEDAR AVE
817,864,246,Shared Roadway,E EXPOSITION AVE,S COLUMBINE ST,S FRANKLIN ST
818,847,865,Shared Roadway,N GALAPAGO ST,W 11TH AVE,W 1ST AVE
819,865,662,Shared Roadway,N GALAPAGO ST,W 11TH AVE,W 1ST AVE
820,602,642,Shared Roadway,W 10TH AVE,N DECATUR ST,N SHERIDAN BLVD
821,642,819,Shared Roadway,W 10TH AVE,N DECATUR ST,N SHERIDAN BLVD
822,819,745,Shared Roadway,W 10TH AVE,N DECATUR ST,N SHERIDAN BLVD
823,745,866,Shared Roadway,W 10TH AVE,N DECATUR ST,N SHERIDAN BLVD
824,866,867,Shared Roadway,W 10TH AVE,N DECATUR ST,N SHERIDAN BLVD
825,868,120,Bike Lane,E 23RD AVE,N KEARNEY ST,N QUEBEC ST
826,120,669,Bike Lane,E 23RD AVE,N KEARNEY ST,N QUEBEC ST
827,869,525,Bike Lane,BLAKE ST,N BROADWAY,40TH ST
828,525,870,Bike Lane,BLAKE ST,N BROADWAY,40TH ST
829,580,871,Trail,WESTERLY CREEK TRAIL,MONTVIEW BLVD,SAND CREEK TRAIL
830,871,42,Trail,WESTERLY CREEK TRAIL,MONTVIEW BLVD,SAND CREEK TRAIL
831,42,872,Trail,WESTERLY CREEK TRAIL,MONTVIEW BLVD,SAND CREEK TRAIL
832,872,873,Trail,WESTERLY CREEK TRAIL,MONTVIEW BLVD,SAND CREEK TRAIL
833,873,874,Trail,WESTERLY CREEK TRAIL,MONTVIEW BLVD,SAND CREEK TRAIL
834,736,875,Shared Roadway,E SMITH RD,N QUEBEC ST,N ALBION ST
835,876,877,Bike Lane,E 11TH AVE,N QUINCE ST,N YOSEMITE ST
836,877,40,Bike Lane,E 11TH AVE,N QUINCE ST,N YOSEMITE ST
837,16,312,Protected Bike Lane,14TH ST,MARKET ST,COURT PL
838,312,28,Protected Bike Lane,14TH ST,MARKET ST,COURT PL
839,28,579,Protected Bike Lane,14TH ST,MARKET ST,COURT PL
840,579,878,Protected Bike Lane,14TH ST,MARKET ST,COURT PL
841,878,757,Protected Bike Lane,14TH ST,MARKET ST,COURT PL
842,757,754,Protected Bike Lane,14TH ST,MARKET ST,COURT PL
843,754,832,Protected Bike Lane,14TH ST,MARKET ST,COURT PL
844,403,878,Bike Lane,CHAMPA ST,19TH ST,N SPEER BLVD
845,878,290,Bike Lane,CHAMPA ST,19TH ST,N SPEER BLVD
846,290,410,Bike Lane,CHAMPA ST,19TH ST,N SPEER BLVD
847,410,425,Bike Lane,CHAMPA ST,19TH ST,N SPEER BLVD
848,41,879,Buffered Bike Lane,N ROSLYN WAY,E 32ND AVE TRAF CIR,N SYRACUSE ST
849,879,386,Buffered Bike Lane,N ROSLYN WAY,E 32ND AVE TRAF CIR,N SYRACUSE ST
850,386,271,Buffered Bike Lane,N ROSLYN WAY,E 32ND AVE TRAF CIR,N SYRACUSE ST
851,271,163,Buffered Bike Lane,N ROSLYN WAY,E 32ND AVE TRAF CIR,N SYRACUSE ST
852,163,835,Buffered Bike Lane,N ROSLYN WAY,E 32ND AVE TRAF CIR,N SYRACUSE ST
853,715,880,Trail,NORTH STAPLETON TRAIL,SAND CREEK TRAIL,E 50TH AVE
854,880,45,Trail,NORTH STAPLETON TRAIL,SAND CREEK TRAIL,E 50TH AVE
855,45,881,Trail,NORTH STAPLETON TRAIL,SAND CREEK TRAIL,E 50TH AVE
856,881,882,Trail,NORTH STAPLETON TRAIL,SAND CREEK TRAIL,E 50TH AVE
857,882,883,Trail,NORTH STAPLETON TRAIL,SAND CREEK TRAIL,E 50TH AVE
858,883,884,Trail,NORTH STAPLETON TRAIL,SAND CREEK TRAIL,E 50TH AVE
859,884,885,Trail,NORTH STAPLETON TRAIL,SAND CREEK TRAIL,E 50TH AVE
860,885,886,Trail,NORTH STAPLETON TRAIL,SAND CREEK TRAIL,E 50TH AVE
861,886,887,Trail,NORTH STAPLETON TRAIL,SAND CREEK TRAIL,E 50TH AVE
862,887,888,Trail,NORTH STAPLETON TRAIL,SAND CREEK TRAIL,E 50TH AVE
863,577,803,Protected Bike Lane,E 19TH AVE,N BROADWAY/GLENARM PL,N GRANT ST
864,889,890,Bike Lane,N BRYANT ST,W 5TH PL,W 2ND AVE
865,890,891,Bike Lane,N BRYANT ST,W 5TH PL,W 2ND AVE
866,41,313,Buffered Bike Lane,N SYRACUSE ST,N ROSLYN ST,E 32ND AVE/TRAF CIR
867,313,164,Buffered Bike Lane,N SYRACUSE ST,N ROSLYN ST,E 32ND AVE/TRAF CIR
868,164,835,Buffered Bike Lane,N SYRACUSE ST,N ROSLYN ST,E 32ND AVE/TRAF CIR
869,785,877,Bike Lane,N SYRACUSE ST,E MONTVIEW BLVD,E 8TH AVE
870,877,892,Bike Lane,N SYRACUSE ST,E MONTVIEW BLVD,E 8TH AVE
871,892,844,Bike Lane,N SYRACUSE ST,E MONTVIEW BLVD,E 8TH AVE
872,844,323,Bike Lane,N SYRACUSE ST,E MONTVIEW BLVD,E 8TH AVE
873,883,893,Bike Lane,E PRAIRIE MEADOW DR,N SPRUCE ST,N DALLAS ST
874,893,894,Bike Lane,E PRAIRIE MEADOW DR,N SPRUCE ST,N DALLAS ST
875,894,884,Bike Lane,E PRAIRIE MEADOW DR,N SPRUCE ST,N DALLAS ST
876,884,895,Bike Lane,E PRAIRIE MEADOW DR,N SPRUCE ST,N DALLAS ST
877,895,896,Bike Lane,E PRAIRIE MEADOW DR,N SPRUCE ST,N DALLAS ST
878,896,897,Bike Lane,E PRAIRIE MEADOW DR,N SPRUCE ST,N DALLAS ST
879,897,898,Bike Lane,E PRAIRIE MEADOW DR,N SPRUCE ST,N DALLAS ST
880,898,899,Bike Lane,E PRAIRIE MEADOW DR,N SPRUCE ST,N DALLAS ST
881,899,900,Bike Lane,E PRAIRIE MEADOW DR,N SPRUCE ST,N DALLAS ST
882,900,901,Bike Lane,E PRAIRIE MEADOW DR,N SPRUCE ST,N DALLAS ST
883,901,902,Bike Lane,E PRAIRIE MEADOW DR,N SPRUCE ST,N DALLAS ST
884,902,903,Bike Lane,E PRAIRIE MEADOW DR,N SPRUCE ST,N DALLAS ST
885,903,904,Bike Lane,E PRAIRIE MEADOW DR,N SPRUCE ST,N DALLAS ST
886,904,905,Bike Lane,E PRAIRIE MEADOW DR,N SPRUCE ST,N DALLAS ST
887,23,906,Protected Bike Lane,N BRIGHTON BLVD,E 47TH AVE,E 49TH AVE
888,906,907,Protected Bike Lane,N BRIGHTON BLVD,E 47TH AVE,E 49TH AVE
889,907,908,Protected Bike Lane,N BRIGHTON BLVD,E 47TH AVE,E 49TH AVE
890,908,909,Protected Bike Lane,N BRIGHTON BLVD,E 47TH AVE,E 49TH AVE
891,810,803,Bike Lane,N GRANT ST,E 20TH AVE,E 19TH AVE
892,826,910,Bike Lane,E MARTIN LUTHER KING BLVD,N LAFAYETTE ST,N DOWNING ST
893,910,911,Bike Lane,E MARTIN LUTHER KING BLVD,N LAFAYETTE ST,N DOWNING ST
894,911,912,Bike Lane,E MARTIN LUTHER KING BLVD,N LAFAYETTE ST,N DOWNING ST
895,804,913,Bike Lane,N CLARKSON ST,PARK AVE,E 19TH AVE
896,817,914,Bike Lane,N CENTRAL PARK BLVD,E NORTHFIELD BLVD,E 56TH AVE
897,914,915,Bike Lane,N CENTRAL PARK BLVD,E NORTHFIELD BLVD,E 56TH AVE
898,816,915,Bike Lane,N CENTRAL PARK BLVD,E NORTHFIELD BLVD,E 56TH AVE
899,915,904,Bike Lane,N CENTRAL PARK BLVD,E NORTHFIELD BLVD,E 56TH AVE
900,915,916,Bike Lane,N CENTRAL PARK BLVD,E NORTHFIELD BLVD,E 56TH AVE
901,916,904,Bike Lane,N CENTRAL PARK BLVD,E NORTHFIELD BLVD,E 56TH AVE
902,904,917,Bike Lane,N CENTRAL PARK BLVD,E NORTHFIELD BLVD,E 56TH AVE
903,870,115,Bike Lane,40TH ST,BLAKE ST,N FRANKLIN ST
904,919,920,Trail,WEIR GULCH TRAIL,SOUTH PLATTE RIVER TRAIL,S SHERIDAN BLVD
905,920,416,Trail,WEIR GULCH TRAIL,SOUTH PLATTE RIVER TRAIL,S SHERIDAN BLVD
906,416,415,Trail,WEIR GULCH TRAIL,SOUTH PLATTE RIVER TRAIL,S SHERIDAN BLVD
907,415,921,Trail,WEIR GULCH TRAIL,SOUTH PLATTE RIVER TRAIL,S SHERIDAN BLVD
908,921,922,Trail,WEIR GULCH TRAIL,SOUTH PLATTE RIVER TRAIL,S SHERIDAN BLVD
909,922,923,Trail,WEIR GULCH TRAIL,SOUTH PLATTE RIVER TRAIL,S SHERIDAN BLVD
910,923,924,Trail,WEIR GULCH TRAIL,SOUTH PLATTE RIVER TRAIL,S SHERIDAN BLVD
911,924,925,Trail,WEIR GULCH TRAIL,SOUTH PLATTE RIVER TRAIL,S SHERIDAN BLVD
912,925,926,Trail,WEIR GULCH TRAIL,SOUTH PLATTE RIVER TRAIL,S SHERIDAN BLVD
913,926,927,Trail,WEIR GULCH TRAIL,SOUTH PLATTE RIVER TRAIL,S SHERIDAN BLVD
914,927,928,Trail,WEIR GULCH TRAIL,SOUTH PLATTE RIVER TRAIL,S SHERIDAN BLVD
915,928,929,Trail,WEIR GULCH TRAIL,SOUTH PLATTE RIVER TRAIL,S SHERIDAN BLVD
916,929,930,Trail,WEIR GULCH TRAIL,SOUTH PLATTE RIVER TRAIL,S SHERIDAN BLVD
917,750,931,Buffered Bike Lane,E FLORIDA AVE,S STEELE ST,S MONACO STREET PKWY
918,931,812,Buffered Bike Lane,E FLORIDA AVE,S STEELE ST,S MONACO STREET PKWY
919,812,932,Buffered Bike Lane,E FLORIDA AVE,S STEELE ST,S MONACO STREET PKWY
920,323,933,Buffered Bike Lane,N SYRACUSE ST,N ROSLYN ST,E MONTVIEW BLVD
921,933,41,Buffered Bike Lane,N SYRACUSE ST,N ROSLYN ST,E MONTVIEW BLVD
922,935,936,Bike Lane,W 29TH AVE,N FEDERAL BLVD,N SHERIDAN BLVD
923,936,631,Bike Lane,W 29TH AVE,N FEDERAL BLVD,N SHERIDAN BLVD
924,631,170,Bike Lane,W 29TH AVE,N FEDERAL BLVD,N SHERIDAN BLVD
925,170,937,Bike Lane,W 29TH AVE,N FEDERAL BLVD,N SHERIDAN BLVD
926,937,938,Bike Lane,W 29TH AVE,N FEDERAL BLVD,N SHERIDAN BLVD
927,862,939,Protected Bike Lane,E 31ST AVE,N DOWNING,N GILPIN ST
928,940,941,Trail,DRY GULCH TRAIL,SHERIDAN BLVD,LAKEWOOD GULCH TRAIL
929,941,942,Trail,DRY GULCH TRAIL,SHERIDAN BLVD,LAKEWOOD GULCH TRAIL
930,942,943,Trail,DRY GULCH TRAIL,SHERIDAN BLVD,LAKEWOOD GULCH TRAIL
931,943,944,Trail,DRY GULCH TRAIL,SHERIDAN BLVD,LAKEWOOD GULCH TRAIL
932,944,696,Trail,DRY GULCH TRAIL,SHERIDAN BLVD,LAKEWOOD GULCH TRAIL
933,810,945,Shared Roadway,E 20TH AVE,N WASHINGTON ST/PARK AVE/PARK AVE W,N GRANT ST
934,945,946,Shared Roadway,E 20TH AVE,N WASHINGTON ST/PARK AVE/PARK AVE W,N GRANT ST
935,946,947,Shared Roadway,E 20TH AVE,N WASHINGTON ST/PARK AVE/PARK AVE W,N GRANT ST
936,947,948,Shared Roadway,E 20TH AVE,N DOWNING ST,N WASHINGTON ST
937,948,80,Shared Roadway,E 20TH AVE,N DOWNING ST,N WASHINGTON ST
938,80,557,Shared Roadway,E 20TH AVE,N DOWNING ST,N WASHINGTON ST
939,949,950,Bike Lane,N UINTA ST,E NORTHFIELD BLVD,E 56TH AVE
940,950,884,Bike Lane,N UINTA ST,E NORTHFIELD BLVD,E 56TH AVE
941,884,951,Bike Lane,N UINTA ST,E NORTHFIELD BLVD,E 56TH AVE
942,951,952,Bike Lane,N UINTA ST,E NORTHFIELD BLVD,E 56TH AVE
943,953,954,Neighborhood Bikeway,S KNOX CT,W ALAMEDA AVE,W OHIO AVE
944,799,614,Shared Use Path,N INCA ST,W 45TH AVE,MID N INCA ST
945,614,955,Shared Use Path,N INCA ST,W 45TH AVE,MID N INCA ST
946,955,956,Shared Use Path,N INCA ST,W 45TH AVE,MID N INCA ST
947,956,957,Shared Use Path,N INCA ST,W 45TH AVE,MID N INCA ST
948,339,874,Trail,SAND CREEK TRAIL,HAVANA ST,PEORIA ST
949,874,958,Trail,SAND CREEK TRAIL,HAVANA ST,PEORIA ST
950,958,959,Trail,SAND CREEK TRAIL,HAVANA ST,PEORIA ST
951,959,335,Trail,SAND CREEK TRAIL,HAVANA ST,PEORIA ST
952,335,960,Trail,SAND CREEK TRAIL,HAVANA ST,PEORIA ST
953,960,961,Trail,SAND CREEK TRAIL,HAVANA ST,PEORIA ST
954,624,600,Trail,SOUTH PLATTE RIVER TRAIL,38TH ST,FRANKLIN ST
955,600,962,Trail,SOUTH PLATTE RIVER TRAIL,38TH ST,FRANKLIN ST
956,962,963,Trail,SOUTH PLATTE RIVER TRAIL,38TH ST,FRANKLIN ST
957,963,964,Trail,SOUTH PLATTE RIVER TRAIL,38TH ST,FRANKLIN ST
958,964,965,Trail,SOUTH PLATTE RIVER TRAIL,38TH ST,FRANKLIN ST
959,965,966,Trail,SOUTH PLATTE RIVER TRAIL,38TH ST,FRANKLIN ST
960,966,967,Trail,SOUTH PLATTE RIVER TRAIL,38TH ST,FRANKLIN ST
961,967,98,Trail,SOUTH PLATTE RIVER TRAIL,38TH ST,FRANKLIN ST
962,98,968,Trail,SOUTH PLATTE RIVER TRAIL,38TH ST,FRANKLIN ST
963,968,528,Trail,SOUTH PLATTE RIVER TRAIL,38TH ST,FRANKLIN ST
964,528,526,Trail,SOUTH PLATTE RIVER TRAIL,38TH ST,FRANKLIN ST
965,526,969,Trail,SOUTH PLATTE RIVER TRAIL,38TH ST,FRANKLIN ST
966,969,123,Trail,SOUTH PLATTE RIVER TRAIL,38TH ST,FRANKLIN ST
967,123,970,Trail,SOUTH PLATTE RIVER TRAIL,38TH ST,FRANKLIN ST
968,970,20,Trail,SOUTH PLATTE RIVER TRAIL,38TH ST,FRANKLIN ST
969,20,971,Trail,SOUTH PLATTE RIVER TRAIL,38TH ST,FRANKLIN ST
970,971,972,Trail,SOUTH PLATTE RIVER TRAIL,38TH ST,FRANKLIN ST
971,972,973,Trail,SOUTH PLATTE RIVER TRAIL,38TH ST,FRANKLIN ST
972,973,974,Trail,SOUTH PLATTE RIVER TRAIL,38TH ST,FRANKLIN ST
973,974,975,Trail,SOUTH PLATTE RIVER TRAIL,38TH ST,FRANKLIN ST
974,975,976,Trail,SOUTH PLATTE RIVER TRAIL,38TH ST,FRANKLIN ST
975,976,342,Trail,SOUTH PLATTE RIVER TRAIL,38TH ST,FRANKLIN ST
976,342,977,Trail,SOUTH PLATTE RIVER TRAIL,38TH ST,FRANKLIN ST
977,977,930,Trail,SOUTH PLATTE RIVER TRAIL,38TH ST,FRANKLIN ST
978,930,978,Trail,SOUTH PLATTE RIVER TRAIL,38TH ST,FRANKLIN ST
979,978,979,Trail,SOUTH PLATTE RIVER TRAIL,38TH ST,FRANKLIN ST
980,979,707,Trail,SOUTH PLATTE RIVER TRAIL,38TH ST,FRANKLIN ST
981,707,345,Trail,SOUTH PLATTE RIVER TRAIL,38TH ST,FRANKLIN ST
982,345,980,Trail,SOUTH PLATTE RIVER TRAIL,38TH ST,FRANKLIN ST
983,980,981,Trail,SOUTH PLATTE RIVER TRAIL,38TH ST,FRANKLIN ST
984,981,982,Trail,SOUTH PLATTE RIVER TRAIL,38TH ST,FRANKLIN ST
985,982,983,Trail,SOUTH PLATTE RIVER TRAIL,38TH ST,FRANKLIN ST
986,983,984,Trail,SOUTH PLATTE RIVER TRAIL,38TH ST,FRANKLIN ST
987,984,497,Trail,SOUTH PLATTE RIVER TRAIL,38TH ST,FRANKLIN ST
988,497,985,Trail,SOUTH PLATTE RIVER TRAIL,38TH ST,FRANKLIN ST
989,985,798,Trail,SOUTH PLATTE RIVER TRAIL,38TH ST,FRANKLIN ST
990,798,986,Trail,SOUTH PLATTE RIVER TRAIL,38TH ST,FRANKLIN ST
991,986,344,Trail,SOUTH PLATTE RIVER TRAIL,38TH ST,FRANKLIN ST
992,344,987,Trail,SOUTH PLATTE RIVER TRAIL,38TH ST,FRANKLIN ST
993,987,988,Trail,SOUTH PLATTE RIVER TRAIL,38TH ST,FRANKLIN ST
994,988,989,Trail,SOUTH PLATTE RIVER TRAIL,38TH ST,FRANKLIN ST
995,989,990,Trail,SOUTH PLATTE RIVER TRAIL,38TH ST,FRANKLIN ST
996,990,991,Trail,SOUTH PLATTE RIVER TRAIL,38TH ST,FRANKLIN ST
997,991,992,Trail,SOUTH PLATTE RIVER TRAIL,38TH ST,FRANKLIN ST
998,992,993,Trail,SOUTH PLATTE RIVER TRAIL,38TH ST,FRANKLIN ST
999,993,994,Trail,SOUTH PLATTE RIVER TRAIL,38TH ST,FRANKLIN ST
1000,994,995,Trail,SOUTH PLATTE RIVER TRAIL,38TH ST,FRANKLIN ST
1001,996,803,Shared Roadway,N GRANT ST,E 19TH AVE,E 18TH AVE
1002,997,859,Bike Lane,E 25TH AVE,N CLARKSON ST,N LAFAYETTE ST
1003,998,171,Neighborhood Bikeway,W 35TH AVE,N SHERIDAN BLVD,CUERNAVACA PARK OFF-STREET CONNECTOR
1004,171,632,Neighborhood Bikeway,W 35TH AVE,N SHERIDAN BLVD,CUERNAVACA PARK OFF-STREET CONNECTOR
1005,632,999,Neighborhood Bikeway,W 35TH AVE,N SHERIDAN BLVD,CUERNAVACA PARK OFF-STREET CONNECTOR
1006,999,1000,Neighborhood Bikeway,W 35TH AVE,N SHERIDAN BLVD,CUERNAVACA PARK OFF-STREET CONNECTOR
1007,1000,548,Neighborhood Bikeway,W 35TH AVE,N SHERIDAN BLVD,CUERNAVACA PARK OFF-STREET CONNECTOR
1008,548,1001,Neighborhood Bikeway,W 35TH AVE,N SHERIDAN BLVD,CUERNAVACA PARK OFF-STREET CONNECTOR
1009,1001,21,Neighborhood Bikeway,W 35TH AVE,N SHERIDAN BLVD,CUERNAVACA PARK OFF-STREET CONNECTOR
1010,21,1002,Neighborhood Bikeway,W 35TH AVE,N SHERIDAN BLVD,CUERNAVACA PARK OFF-STREET CONNECTOR
1011,1002,253,Neighborhood Bikeway,W 35TH AVE,N SHERIDAN BLVD,CUERNAVACA PARK OFF-STREET CONNECTOR
1012,253,299,Neighborhood Bikeway,W 35TH AVE,N SHERIDAN BLVD,CUERNAVACA PARK OFF-STREET CONNECTOR
1013,299,1003,Neighborhood Bikeway,W 35TH AVE,N SHERIDAN BLVD,CUERNAVACA PARK OFF-STREET CONNECTOR
1014,1003,1004,Neighborhood Bikeway,W 35TH AVE,N SHERIDAN BLVD,CUERNAVACA PARK OFF-STREET CONNECTOR
1015,1004,569,Neighborhood Bikeway,W 35TH AVE,N SHERIDAN BLVD,CUERNAVACA PARK OFF-STREET CONNECTOR
1016,569,1005,Neighborhood Bikeway,W 35TH AVE,N SHERIDAN BLVD,CUERNAVACA PARK OFF-STREET CONNECTOR
1017,1005,801,Neighborhood Bikeway,W 35TH AVE,N SHERIDAN BLVD,CUERNAVACA PARK OFF-STREET CONNECTOR
1018,263,1006,Bike Lane,S CHEROKEE ST,W ALAMEDA AVE,W VIRGINIA AVE
1019,934,1007,Bike Lane,N WILLIAMS ST,E 40TH AVE,E 31ST AVE
1020,1007,398,Bike Lane,N WILLIAMS ST,E 40TH AVE,E 31ST AVE
1021,398,1008,Bike Lane,N WILLIAMS ST,E 40TH AVE,E 31ST AVE
1022,1008,1009,Bike Lane,N WILLIAMS ST,E 40TH AVE,E 31ST AVE
1023,406,265,Bike Lane,E MANSFIELD AVE,S MONACO STREET PKWY,S QUINCE ST
1024,1010,401,Buffered Bike Lane,E DARTMOUTH AVE,S UNIVERSITY BLVD,S COLORADO BLVD
1025,1011,1012,Buffered Bike Lane,W JEWELL AVE,S IRVING ST,S LIPAN ST
1026,1012,560,Buffered Bike Lane,W JEWELL AVE,S IRVING ST,S LIPAN ST
1027,891,829,Bike Lane,N BRYANT ST,W 7TH AVE,W 6TH AVE
1028,829,1013,Bike Lane,W 7TH AVE,N CANOSA CT,N BRYANT ST
1029,52,215,Buffered Bike Lane,E 7TH AVENUE PKWY,N WILLIAMS ST,N COLORADO BLVD
1030,215,627,Buffered Bike Lane,E 7TH AVENUE PKWY,N WILLIAMS ST,N COLORADO BLVD
1031,627,1014,Buffered Bike Lane,E 7TH AVENUE PKWY,N WILLIAMS ST,N COLORADO BLVD
1032,1014,1015,Buffered Bike Lane,E 7TH AVENUE PKWY,N WILLIAMS ST,N COLORADO BLVD
1033,52,1016,Buffered Bike Lane,E 7TH AVENUE PKWY,N WILLIAMS ST,N COLORADO BLVD
1034,1016,215,Buffered Bike Lane,E 7TH AVENUE PKWY,N WILLIAMS ST,N COLORADO BLVD
1035,913,948,Bike Lane,N CLARKSON ST,E 20TH AVE,PARK AVE
1036,1017,1018,Bike Lane,N QUIVAS ST,W ELK PL,W 46TH AVE
1037,765,241,Protected Bike Lane,W 13TH AVE,N MARIPOSA ST,N LINCOLN ST
1038,241,283,Protected Bike Lane,W 13TH AVE,N MARIPOSA ST,N LINCOLN ST
1039,283,1019,Protected Bike Lane,W 13TH AVE,N MARIPOSA ST,N LINCOLN ST
1040,912,863,Buffered Bike Lane,E MARTIN LUTHER KING BLVD,N ELIZABETH ST,N LAFAYETTE ST
1041,863,1007,Buffered Bike Lane,E MARTIN LUTHER KING BLVD,N ELIZABETH ST,N LAFAYETTE ST
1042,1020,349,Shared Roadway,E VIRGINIA AVE,S NIAGARA ST,S QUEBEC ST
1043,1021,1020,Neighborhood Bikeway,S NIAGARA ST,E ALAMEDA AVE,E VIRGINIA AVE
1044,841,1022,Shared Use Path,E 39TH AVE,N STEELE ST,N JACKSON ST
1045,1022,802,Shared Use Path,E 39TH AVE,N STEELE ST,N JACKSON ST
1046,1023,1024,Trail,SAND CREEK TRAIL,HAVANA ST,PEORIA ST
1047,1024,1025,Trail,SAND CREEK TRAIL,HAVANA ST,PEORIA ST
1048,841,1026,Trail,39TH AVE GREENWAY,N FRANKLIN ST,N STEELE ST
1049,1026,1027,Trail,39TH AVE GREENWAY,N FRANKLIN ST,N STEELE ST
1050,1027,1028,Trail,39TH AVE GREENWAY,N FRANKLIN ST,N STEELE ST
1051,1028,1029,Trail,39TH AVE GREENWAY,N FRANKLIN ST,N STEELE ST
1052,1029,1030,Trail,39TH AVE GREENWAY,N FRANKLIN ST,N STEELE ST
1053,1030,1031,Trail,39TH AVE GREENWAY,N FRANKLIN ST,N STEELE ST
1054,1031,1032,Trail,39TH AVE GREENWAY,N FRANKLIN ST,N STEELE ST
1055,1032,1033,Trail,39TH AVE GREENWAY,N FRANKLIN ST,N STEELE ST
1056,1033,1034,Trail,39TH AVE GREENWAY,N FRANKLIN ST,N STEELE ST
1057,1034,1008,Trail,39TH AVE GREENWAY,N FRANKLIN ST,N STEELE ST
1058,1008,115,Trail,39TH AVE GREENWAY,N FRANKLIN ST,N STEELE ST
1059,678,1035,Buffered Bike Lane,STOUT ST,26TH ST,32ND ST/STOUT ST/E 31ST AVE
1060,813,1036,Buffered Bike Lane,E JEWELL AVE,S CHERRY ST,S ONEIDA ST
1061,1036,1037,Buffered Bike Lane,E JEWELL AVE,S CHERRY ST,S ONEIDA ST
1062,1037,721,Buffered Bike Lane,E JEWELL AVE,S CHERRY ST,S ONEIDA ST
1063,285,1038,Buffered Bike Lane,WELTON ST,15TH ST,17TH ST
1064,633,440,Bike Lane,S VALENTIA ST,E FAIRMOUNT DR,E MISSISSIPPI AVE
1065,440,1039,Bike Lane,S VALENTIA ST,E FAIRMOUNT DR,E MISSISSIPPI AVE
1066,1039,1040,Bike Lane,S VALENTIA ST,E FAIRMOUNT DR,E MISSISSIPPI AVE
1067,1040,1041,Bike Lane,S VALENTIA ST,E FAIRMOUNT DR,E MISSISSIPPI AVE
1068,1042,1043,Neighborhood Bikeway,W BYRON PL,N SHERIDAN BLVD,N VRAIN ST
1069,1043,1044,Neighborhood Bikeway,W BYRON PL,N SHERIDAN BLVD,N VRAIN ST
1070,1044,1045,Neighborhood Bikeway,W BYRON PL,N SHERIDAN BLVD,N VRAIN ST
1071,1045,833,Neighborhood Bikeway,W BYRON PL,N SHERIDAN BLVD,N VRAIN ST
1072,547,1046,Buffered Bike Lane,W 46TH AVE,N PECOS ST,N NAVAJO ST
1073,117,1047,Buffered Bike Lane,W KENTUCKY AVE,S SHERIDAN BLVD,S VALLEJO ST
1074,1047,1048,Buffered Bike Lane,W KENTUCKY AVE,S SHERIDAN BLVD,S VALLEJO ST
1075,1048,561,Buffered Bike Lane,W KENTUCKY AVE,S SHERIDAN BLVD,S VALLEJO ST
1076,561,843,Buffered Bike Lane,W KENTUCKY AVE,S SHERIDAN BLVD,S VALLEJO ST
1077,843,421,Buffered Bike Lane,W KENTUCKY AVE,S SHERIDAN BLVD,S VALLEJO ST
1078,421,1049,Buffered Bike Lane,W KENTUCKY AVE,S SHERIDAN BLVD,S VALLEJO ST
1079,676,808,Protected Bike Lane,15TH ST,CLEVELAND PL,LARIMER ST
1080,808,1050,Protected Bike Lane,15TH ST,CLEVELAND PL,LARIMER ST
1081,1050,231,Protected Bike Lane,15TH ST,CLEVELAND PL,LARIMER ST
1082,231,1051,Protected Bike Lane,15TH ST,CLEVELAND PL,LARIMER ST
1083,1051,29,Protected Bike Lane,15TH ST,CLEVELAND PL,LARIMER ST
1084,29,285,Protected Bike Lane,15TH ST,CLEVELAND PL,LARIMER ST
1085,409,423,Bike Lane,WELTON ST,W COLFAX AVE,19TH ST
1086,1052,1053,Shared Roadway,S ZUNI ST,W KENTUCKY AVE,W DARTMOUTH AVE
1087,1053,148,Shared Roadway,S ZUNI ST,W KENTUCKY AVE,W DARTMOUTH AVE
1088,148,1012,Shared Roadway,S ZUNI ST,W KENTUCKY AVE,W DARTMOUTH AVE
1089,673,174,Bike Lane,W 50TH AVE,N TENNYSON ST,N LOWELL BLVD
1090,1054,1055,Buffered Bike Lane,N ZUNI ST,W 50TH AVE,W 46TH AVE
1091,1055,419,Buffered Bike Lane,N ZUNI ST,W 50TH AVE,W 46TH AVE
1092,419,1056,Neighborhood Bikeway,N ZUNI ST,W 52ND AVE,W 50TH AVE
1093,1046,1017,Bike Lane,W 46TH AVE,FEDERAL BLVD,N PECOS ST
1094,1017,22,Bike Lane,W 46TH AVE,FEDERAL BLVD,N PECOS ST
1095,22,1054,Bike Lane,W 46TH AVE,FEDERAL BLVD,N PECOS ST
1096,1054,550,Bike Lane,W 46TH AVE,FEDERAL BLVD,N PECOS ST
1097,550,1057,Bike Lane,W 46TH AVE,FEDERAL BLVD,N PECOS ST
1098,1012,625,Buffered Bike Lane,S ZUNI ST,W JEWELL AVE,W DARTMOUTH AVE
1099,956,1058,Neighborhood Bikeway,W 44TH AVE,N INCA ST,N LIPAN ST
1100,1058,1059,Neighborhood Bikeway,W 44TH AVE,N INCA ST,N LIPAN ST
1101,916,1060,Buffered Bike Lane,E 51ST AVE,N CENTRAL PARK BLVD,N HAVANA ST
1102,1060,905,Buffered Bike Lane,E 51ST AVE,N CENTRAL PARK BLVD,N HAVANA ST
1103,905,1061,Buffered Bike Lane,E 51ST AVE,N CENTRAL PARK BLVD,N HAVANA ST
1104,1061,1062,Buffered Bike Lane,E 51ST AVE,N CENTRAL PARK BLVD,N HAVANA ST
1105,662,2,,,,
1106,11,306,,,,
1107,12,225,,,,
1108,554,13,,,,
1109,14,783,,,,
1110,20,918,,,,
1111,190,21,,,,
1112,21,22,,,,
1113,24,574,,,,
1114,139,13,,,,
1115,0,573,,,,
1116,647,35,,,,
1117,427,55,,,,
1118,55,213,,,,
1119,34,59,,,,
1120,65,63,,,,
1121,558,68,,,,
1122,69,537,,,,
1123,74,1020,,,,
1124,401,75,,,,
1125,557,663,,,,
1126,79,812,,,,
1127,92,841,,,,
1128,218,95,,,,
1129,553,568,,,,
1130,110,99,,,,
1131,60,805,,,,
1132,373,101,,,,
1133,542,12,,,,
1134,111,146,,,,
1135,257,112,,,,
1136,863,114,,,,
1137,123,526,,,,
1138,162,213,,,,
1139,272,67,,,,
1140,67,421,,,,
1141,418,131,,,,
1142,412,140,,,,
1143,144,611,,,,
1144,157,766,,,,
1145,831,177,,,,
1146,179,488,,,,
1147,231,197,,,,
1148,234,201,,,,
1149,228,209,,,,
1150,357,562,,,,
1151,721,214,,,,
1152,487,370,,,,
1153,72,251,,,,
1154,160,88,,,,
1155,843,150,,,,
1156,150,751,,,,
1157,668,248,,,,
1158,12,844,,,,
1159,802,736,,,,
1160,810,220,,,,
1161,146,260,,,,
1162,261,296,,,,
1163,9,544,,,,
1164,353,267,,,,
1165,269,851,,,,
1166,832,273,,,,
1167,677,279,,,,
1168,488,281,,,,
1169,296,834,,,,
1170,301,299,,,,
1171,300,547,,,,
1172,190,301,,,,
1173,304,831,,,,
1174,258,305,,,,
1175,807,316,,,,
1176,750,162,,,,
1177,625,622,,,,
1178,262,389,,,,
1179,214,126,,,,
1180,358,825,,,,
1181,526,63,,,,
1182,361,785,,,,
1183,363,361,,,,
1184,627,362,,,,
1185,729,364,,,,
1186,841,368,,,,
1187,24,623,,,,
1188,813,376,,,,
1189,523,385,,,,
1190,568,265,,,,
1191,400,753,,,,
1192,155,16,,,,
1193,403,26,,,,
1194,130,125,,,,
1195,751,374,,,,
1196,410,432,,,,
1197,661,413,,,,
1198,1057,417,,,,
1199,425,758,,,,
1200,279,860,,,,
1201,535,31,,,,
1202,797,437,,,,
1203,532,864,,,,
1204,543,814,,,,
1205,612,263,,,,
1206,719,548,,,,
1207,804,557,,,,
1208,213,730,,,,
1209,564,813,,,,
1210,605,750,,,,
1211,537,396,,,,
1212,954,415,,,,
1213,229,435,,,,
1214,540,576,,,,
1215,157,579,,,,
1216,397,1010,,,,
1217,733,375,,,,
1218,224,613,,,,
1219,247,626,,,,
1220,55,131,,,,
1221,645,745,,,,
1222,232,436,,,,
1223,145,668,,,,
1224,918,674,,,,
1225,717,34,,,,
1226,718,302,,,,
1227,562,737,,,,
1228,825,726,,,,
1229,350,732,,,,
1230,3,763,,,,
1231,178,833,,,,
1232,827,768,,,,
1233,221,826,,,,
1234,828,497,,,,
1235,934,827,,,,
1236,246,749,,,,
1237,1007,768,,,,
1238,235,546,,,,
1239,30,577,,,,
1240,860,935,,,,
1241,939,934,,,,
1242,1035,862,,,,
1243,961,1023,,,,
1244,265,783,,,,
1245,1038,409,,,,
1246,765,668,,,,
1247,1059,547,,,,
